dataset_id	decision	reviewer	reviewed_at	rationale
53699541a3a729239d204686	APPROVE	Florian MAILLARD	2026-09-06T22:26:27+02:00	Budget public agrégé; licence et producteur identifiés; aucun identifiant personnel observé dans les fichiers locaux.
53699543a3a729239d20468b	APPROVE	Florian MAILLARD	2026-09-06T22:26:27+02:00	Budget public agrégé; licence et producteur identifiés; aucun identifiant personnel observé dans les fichiers locaux.
53699544a3a729239d20468d	APPROVE	Florian MAILLARD	2026-09-06T22:26:27+02:00	Budget public agrégé; licence et producteur identifiés; aucun identifiant personnel observé dans les fichiers locaux.
53699545a3a729239d20468e	APPROVE	Florian MAILLARD	2026-09-06T22:26:27+02:00	Budget public agrégé; licence et producteur identifiés; aucun identifiant personnel observé dans les fichiers locaux.
53699545a3a729239d20468f	APPROVE	Florian MAILLARD	2026-09-06T22:26:27+02:00	Budget public agrégé; licence et producteur identifiés; aucun identifiant personnel observé dans les fichiers locaux.
53699545a3a729239d204690	APPROVE	Florian MAILLARD	2026-09-06T22:26:27+02:00	Budget public agrégé; licence et producteur identifiés; aucun identifiant personnel observé dans les fichiers locaux.
53699546a3a729239d204691	APPROVE	Florian MAILLARD	2026-09-06T22:26:27+02:00	Budget public agrégé; licence et producteur identifiés; aucun identifiant personnel observé dans les fichiers locaux.
53699546a3a729239d204692	APPROVE	Florian MAILLARD	2026-09-06T22:26:27+02:00	Budget public agrégé; licence et producteur identifiés; aucun identifiant personnel observé dans les fichiers locaux.
53699546a3a729239d204693	APPROVE	Florian MAILLARD	2026-09-06T22:26:27+02:00	Budget public agrégé; licence et producteur identifiés; aucun identifiant personnel observé dans les fichiers locaux.
53699547a3a729239d204694	APPROVE	Florian MAILLARD	2026-09-06T22:26:27+02:00	Budget public agrégé; licence et producteur identifiés; aucun identifiant personnel observé dans les fichiers locaux.
53699547a3a729239d204695	APPROVE	Florian MAILLARD	2026-09-06T22:30:32+02:00	Budget public agrégé; aucun identifiant individuel observé.
53699980a3a729239d20527f	APPROVE	Florian MAILLARD	2026-09-06T22:30:32+02:00	Dotations budgétaires publiques agrégées; aucun identifiant individuel observé.
53699980a3a729239d205280	APPROVE	Florian MAILLARD	2026-09-06T22:30:32+02:00	Emplois budgétaires agrégés; aucun identifiant individuel observé.
53893653a3a7291ffe8c5034	APPROVE	Florian MAILLARD	2026-09-06T22:30:32+02:00	Budget public agrégé par nomenclature administrative; aucun identifiant individuel observé.
555df4eac751df5c8dc98e0f	APPROVE	Florian MAILLARD	2026-09-06T22:30:32+02:00	Budget public agrégé 2012; redistribution sous ODbL avec attribution et partage à l'identique.
555df757c751df5c8dc98e10	APPROVE	Florian MAILLARD	2026-09-06T22:30:32+02:00	Budget public agrégé 2013; redistribution sous ODbL avec attribution et partage à l'identique.
55673898c751df5f9ee5726a	APPROVE	Florian MAILLARD	2026-09-06T22:30:32+02:00	Budget public agrégé 2014; redistribution sous ODbL avec attribution et partage à l'identique.
5889d043a3a72974cbf0d5bb	APPROVE	Florian MAILLARD	2026-09-06T22:30:32+02:00	Missions budgétaires publiques agrégées; aucun identifiant individuel observé.
5bbf72438b4c417355377505	APPROVE	Florian MAILLARD	2026-09-06T22:30:32+02:00	Indicateurs publics de performance budgétaire; aucun identifiant individuel observé.
5bc49bb28b4c417a3c76e450	APPROVE	Florian MAILLARD	2026-09-06T22:30:32+02:00	Données financières d'opérateurs publics; noms d'organismes uniquement.
5ea9515a7f6d609f43319267	APPROVE	Florian MAILLARD	2026-09-06T22:30:32+02:00	Résultats budgétaires publics agrégés; redistribution sous ODbL avec partage à l'identique.
5f68c4ec23ac65f6fd8021e3	APPROVE	Florian MAILLARD	2026-09-06T22:30:32+02:00	Comptes communaux publics; identifiants SIREN/SIRET institutionnels, sans personne physique observée.
5f68c4ed0a143d9ab88021e3	APPROVE	Florian MAILLARD	2026-09-06T22:30:32+02:00	Comptes départementaux publics et identifiants institutionnels.
5f68c4ed0be7ff90225b6549	APPROVE	Florian MAILLARD	2026-09-06T22:30:32+02:00	Comptes régionaux publics; identifiants SIREN/SIRET institutionnels, sans personne physique observée.
5f68c4edf94340bbc28021e3	APPROVE	Florian MAILLARD	2026-09-06T22:30:32+02:00	Comptes de groupements publics; identifiants SIREN/SIRET institutionnels, sans personne physique observée.
6916717fd1613a14a77b95df	APPROVE	Florian MAILLARD	2026-09-06T22:30:32+02:00	Budget vert public agrégé; aucun identifiant individuel observé.
53ba4c07a3a729219b7bead3	APPROVE	Florian MAILLARD	2026-09-06T22:32:07+02:00	Données techniques de véhicules et émissions; aucun identifiant individuel détecté.
540917e1a3a72959e0628f93	APPROVE	Florian MAILLARD	2026-09-06T22:32:07+02:00	Fréquentation touristique agrégée; aucun identifiant individuel détecté.
5429829c88ee380327a59168	APPROVE	Florian MAILLARD	2026-09-06T22:32:07+02:00	Données sur les œuvres et leur distribution; aucun identifiant individuel sensible détecté.
543408d888ee38736ab698a1	APPROVE	Florian MAILLARD	2026-09-06T22:32:07+02:00	Profil statistique agrégé du public des salles; aucun enregistrement individuel détecté.
54340f3688ee387369b698a1	APPROVE	Florian MAILLARD	2026-09-06T22:32:07+02:00	Fréquentation cinématographique agrégée; aucun identifiant individuel détecté.
5437e96d88ee387cb28f5e7d	APPROVE	Florian MAILLARD	2026-09-06T22:32:07+02:00	Classement d'œuvres et entrées agrégées; aucun identifiant individuel sensible détecté.
5458f03bc751df46e6225d2e	APPROVE	Florian MAILLARD	2026-09-06T22:32:07+02:00	Inventaire de données publiques; aucun identifiant individuel détecté.
5488088cc751df17b3a3fc15	APPROVE	Florian MAILLARD	2026-09-06T22:32:07+02:00	Nuitées touristiques agrégées; aucun identifiant individuel détecté.
54881d6dc751df32f8a3fc15	APPROVE	Florian MAILLARD	2026-09-06T22:32:07+02:00	Adresses publiques d'établissements touristiques; aucun domicile personnel observé.
55f0463d88ee3849f5a46ec1	APPROVE	Florian MAILLARD	2026-09-06T22:32:07+02:00	Mesures énergétiques agrégées; aucun identifiant individuel détecté.
53698e13a3a729239d203389	APPROVE	Florian MAILLARD	2026-09-06T22:53:34+02:00	Revue technique bornée : aucun signal direct dans les noms et échantillons inspectés
53698e6aa3a729239d203466	HOLD	Florian MAILLARD	2026-09-06T22:53:34+02:00	Revue technique bornée : signal direct à examiner : contact,phone
53698e76a3a729239d203485	APPROVE	Florian MAILLARD	2026-09-06T22:53:34+02:00	Revue technique bornée : aucun signal direct dans les noms et échantillons inspectés
53698e7ca3a729239d20349e	HOLD	Florian MAILLARD	2026-09-06T22:53:34+02:00	Revue technique bornée : signal direct à examiner : address,phone
53698ee1a3a729239d2035bc	HOLD	Florian MAILLARD	2026-09-06T22:53:34+02:00	Revue technique bornée : signal direct à examiner : address
53698f1aa3a729239d203653	HOLD	Florian MAILLARD	2026-09-06T22:53:34+02:00	Revue technique bornée : signal direct à examiner : address,contact,phone
53698f4ca3a729239d2036df	HOLD	Florian MAILLARD	2026-09-06T22:53:34+02:00	Revue technique bornée : signal direct à examiner : health_id,partial_file_sample
53698f4ea3a729239d2036ee	HOLD	Florian MAILLARD	2026-09-06T22:53:34+02:00	Revue technique bornée : signal direct à examiner : address,contact,phone
5369904fa3a729239d20398b	EXCLUDE	Florian MAILLARD	2026-09-06T22:53:34+02:00	Revue technique bornée : aucun fichier local complet à diffuser
53699109a3a729239d203b60	HOLD	Florian MAILLARD	2026-09-06T22:53:34+02:00	Revue technique bornée : signal direct à examiner : partial_file_sample
53699260a3a729239d203ee9	APPROVE	Florian MAILLARD	2026-09-06T22:53:34+02:00	Revue technique bornée : aucun signal direct dans les noms et échantillons inspectés
5369928ea3a729239d203f64	APPROVE	Florian MAILLARD	2026-09-06T22:53:34+02:00	Revue technique bornée : aucun signal direct dans les noms et échantillons inspectés
536992d0a3a729239d20400d	HOLD	Florian MAILLARD	2026-09-06T22:53:34+02:00	Revue technique bornée : signal direct à examiner : address,contact,health_id,phone
5369931ca3a729239d2040d1	HOLD	Florian MAILLARD	2026-09-06T22:53:34+02:00	Revue technique bornée : signal direct à examiner : address,contact,phone
53699327a3a729239d2040f6	APPROVE	Florian MAILLARD	2026-09-06T22:53:34+02:00	Revue technique bornée : aucun signal direct dans les noms et échantillons inspectés
5369932fa3a729239d20410c	HOLD	Florian MAILLARD	2026-09-06T22:53:34+02:00	Revue technique bornée : signal direct à examiner : address,contact
53699373a3a729239d2041c4	APPROVE	Florian MAILLARD	2026-09-06T22:53:34+02:00	Revue technique bornée : aucun signal direct dans les noms et échantillons inspectés
53699373a3a729239d2041c5	APPROVE	Florian MAILLARD	2026-09-06T22:53:34+02:00	Revue technique bornée : aucun signal direct dans les noms et échantillons inspectés
53699374a3a729239d2041cc	APPROVE	Florian MAILLARD	2026-09-07T09:57:37+02:00	Effectifs étudiants agrégés par établissement et catégories; les contacts détectés proviennent de la documentation; Licence Ouverte et producteur ministériel identifiés.
53699434a3a729239d2043b3	HOLD	Florian MAILLARD	2026-09-06T22:53:34+02:00	Revue technique bornée : signal direct à examiner : contact,phone
53699504a3a729239d2045bb	APPROVE	Florian MAILLARD	2026-09-06T22:53:34+02:00	Revue technique bornée : aucun signal direct dans les noms et échantillons inspectés
53699506a3a729239d2045bd	APPROVE	Florian MAILLARD	2026-09-06T22:53:34+02:00	Revue technique bornée : aucun signal direct dans les noms et échantillons inspectés
53699538a3a729239d20466d	APPROVE	Florian MAILLARD	2026-09-06T22:53:34+02:00	Revue technique bornée : aucun signal direct dans les noms et échantillons inspectés
53699578a3a729239d204722	HOLD	Florian MAILLARD	2026-09-06T22:53:34+02:00	Revue technique bornée : signal direct à examiner : address
53699643a3a729239d20494b	HOLD	Florian MAILLARD	2026-09-06T22:53:34+02:00	Revue technique bornée : signal direct à examiner : contact,phone
5369965fa3a729239d204999	APPROVE	Florian MAILLARD	2026-09-06T22:53:34+02:00	Revue technique bornée : aucun signal direct dans les noms et échantillons inspectés
53699721a3a729239d204bf6	APPROVE	Florian MAILLARD	2026-09-06T22:53:34+02:00	Revue technique bornée : aucun signal direct dans les noms et échantillons inspectés
53699736a3a729239d204c29	HOLD	Florian MAILLARD	2026-09-06T22:53:34+02:00	Revue technique bornée : signal direct à examiner : address
5369978fa3a729239d204d11	HOLD	Florian MAILLARD	2026-09-06T22:53:34+02:00	Revue technique bornée : signal direct à examiner : address,birth,contact,email,phone
53699794a3a729239d204d1e	HOLD	Florian MAILLARD	2026-09-06T22:53:34+02:00	Revue technique bornée : signal direct à examiner : contact
536997fea3a729239d204e35	APPROVE	Florian MAILLARD	2026-09-06T22:53:34+02:00	Revue technique bornée : aucun signal direct dans les noms et échantillons inspectés
53699836a3a729239d204eca	APPROVE	Florian MAILLARD	2026-09-06T22:53:34+02:00	Revue technique bornée : aucun signal direct dans les noms et échantillons inspectés
53699837a3a729239d204ecb	APPROVE	Florian MAILLARD	2026-09-06T22:53:34+02:00	Revue technique bornée : aucun signal direct dans les noms et échantillons inspectés
53699840a3a729239d204ee5	APPROVE	Florian MAILLARD	2026-09-06T22:53:34+02:00	Revue technique bornée : aucun signal direct dans les noms et échantillons inspectés
53699841a3a729239d204ee9	APPROVE	Florian MAILLARD	2026-09-06T22:53:34+02:00	Revue technique bornée : aucun signal direct dans les noms et échantillons inspectés
5369986ba3a729239d204f55	HOLD	Florian MAILLARD	2026-09-06T22:53:34+02:00	Revue technique bornée : signal direct à examiner : address,contact,email,first_name,phone
5369987da3a729239d204f92	APPROVE	Florian MAILLARD	2026-09-06T22:53:34+02:00	Revue technique bornée : aucun signal direct dans les noms et échantillons inspectés
5369987da3a729239d204f93	APPROVE	Florian MAILLARD	2026-09-06T22:53:34+02:00	Revue technique bornée : aucun signal direct dans les noms et échantillons inspectés
536998eba3a729239d2050c2	HOLD	Florian MAILLARD	2026-09-06T22:53:34+02:00	Revue technique bornée : signal direct à examiner : address,contact
5369993fa3a729239d2051cd	HOLD	Florian MAILLARD	2026-09-06T22:53:34+02:00	Revue technique bornée : signal direct à examiner : address,phone
5369995fa3a729239d20522b	APPROVE	Florian MAILLARD	2026-09-06T22:53:34+02:00	Revue technique bornée : aucun signal direct dans les noms et échantillons inspectés
53699a7ca3a729239d2054d8	APPROVE	Florian MAILLARD	2026-09-06T22:53:34+02:00	Revue technique bornée : aucun signal direct dans les noms et échantillons inspectés
53699ad5a3a729239d2055b2	APPROVE	Florian MAILLARD	2026-09-06T22:53:34+02:00	Revue technique bornée : aucun signal direct dans les noms et échantillons inspectés
53699c14a3a729239d2058b5	APPROVE	Florian MAILLARD	2026-09-06T22:53:34+02:00	Revue technique bornée : aucun signal direct dans les noms et échantillons inspectés
53699c18a3a729239d2058bf	HOLD	Florian MAILLARD	2026-09-06T22:53:34+02:00	Revue technique bornée : signal direct à examiner : address,contact,email
53699d0ea3a729239d205b2e	EXCLUDE	Florian MAILLARD	2026-09-06T22:53:34+02:00	Revue technique bornée : aucun fichier local complet à diffuser
53699e7ba3a729239d205eb0	HOLD	Florian MAILLARD	2026-09-06T22:53:34+02:00	Revue technique bornée : signal direct à examiner : contact
53699edca3a729239d205faf	HOLD	Florian MAILLARD	2026-09-06T22:53:34+02:00	Revue technique bornée : signal direct à examiner : partial_file_sample
53699edca3a729239d205fb3	HOLD	Florian MAILLARD	2026-09-06T22:53:34+02:00	Revue technique bornée : signal direct à examiner : partial_file_sample
53699f97a3a729239d206178	HOLD	Florian MAILLARD	2026-09-06T22:53:34+02:00	Revue technique bornée : signal direct à examiner : contact,phone
53699fe3a3a729239d206225	APPROVE	Florian MAILLARD	2026-09-06T22:53:34+02:00	Revue technique bornée : aucun signal direct dans les noms et échantillons inspectés
53699fe4a3a729239d206227	HOLD	Florian MAILLARD	2026-09-06T22:53:34+02:00	Revue technique bornée : signal direct à examiner : contact
53699fe5a3a729239d206232	HOLD	Florian MAILLARD	2026-09-06T22:53:34+02:00	Revue technique bornée : signal direct à examiner : address,contact,first_name,phone
53699fe5a3a729239d206233	HOLD	Florian MAILLARD	2026-09-06T22:53:34+02:00	Revue technique bornée : signal direct à examiner : address,contact,email,health_id,phone
5369a047a3a729239d206320	APPROVE	Florian MAILLARD	2026-09-06T22:53:34+02:00	Revue technique bornée : aucun signal direct dans les noms et échantillons inspectés
5369a048a3a729239d206322	HOLD	Florian MAILLARD	2026-09-06T22:53:34+02:00	Revue technique bornée : signal direct à examiner : partial_file_sample
5369a0b4a3a729239d206418	HOLD	Florian MAILLARD	2026-09-06T22:53:34+02:00	Revue technique bornée : signal direct à examiner : address,contact,phone
536c47bfa3a72933d8d1b3a6	HOLD	Florian MAILLARD	2026-09-06T22:53:34+02:00	Revue technique bornée : signal direct à examiner : address,contact,email,phone
53789930a3a7295dd332d9e7	HOLD	Florian MAILLARD	2026-09-06T22:53:34+02:00	Revue technique bornée : signal direct à examiner : address
538071a9a3a7297e4d35d6ce	HOLD	Florian MAILLARD	2026-09-06T22:53:34+02:00	Revue technique bornée : signal direct à examiner : address
5387f347a3a7291cb36754a1	HOLD	Florian MAILLARD	2026-09-06T22:53:34+02:00	Revue technique bornée : signal direct à examiner : address
5387f348a3a7291cb36754a3	HOLD	Florian MAILLARD	2026-09-06T22:53:34+02:00	Revue technique bornée : signal direct à examiner : address
5387f349a3a7291cb36754a5	HOLD	Florian MAILLARD	2026-09-06T22:53:34+02:00	Revue technique bornée : signal direct à examiner : address
5387f34aa3a7291cb36754a8	HOLD	Florian MAILLARD	2026-09-06T22:53:34+02:00	Revue technique bornée : signal direct à examiner : address
539a67b7a3a7293bc2728384	HOLD	Florian MAILLARD	2026-09-06T22:53:34+02:00	Revue technique bornée : signal direct à examiner : address,contact,email,phone
53ca2be2a3a7294a1ddd7847	APPROVE	Florian MAILLARD	2026-09-06T22:53:34+02:00	Revue technique bornée : aucun signal direct dans les noms et échantillons inspectés
53ca2e62a3a7294a1ddd784b	APPROVE	Florian MAILLARD	2026-09-06T22:53:34+02:00	Revue technique bornée : aucun signal direct dans les noms et échantillons inspectés
53fd262ea3a729390ba568a7	HOLD	Florian MAILLARD	2026-09-06T22:53:34+02:00	Revue technique bornée : signal direct à examiner : partial_file_sample
54294e8f88ee380327a59161	APPROVE	Florian MAILLARD	2026-09-06T22:53:34+02:00	Revue technique bornée : aucun signal direct dans les noms et échantillons inspectés
54510dc1c751df1fdb5a81f3	APPROVE	Florian MAILLARD	2026-09-06T22:53:34+02:00	Revue technique bornée : aucun signal direct dans les noms et échantillons inspectés
547d8d7ac751df405d090fcb	APPROVE	Florian MAILLARD	2026-09-07T09:57:37+02:00	Données cartographiques et statistiques de déploiement des réseaux publiées en open data par l'ARCEP; aucun individu décrit; Licence Ouverte.
5489cda0c751df35a24120e7	APPROVE	Florian MAILLARD	2026-09-06T22:53:34+02:00	Revue technique bornée : aucun signal direct dans les noms et échantillons inspectés
548acaf2c751df1eac4120e7	HOLD	Florian MAILLARD	2026-09-06T22:53:34+02:00	Revue technique bornée : signal direct à examiner : contact,phone
548ad919c751df3d674120e7	HOLD	Florian MAILLARD	2026-09-06T22:53:34+02:00	Revue technique bornée : signal direct à examiner : contact,phone
54abdee9c751df2fcd04805b	APPROVE	Florian MAILLARD	2026-09-06T22:53:34+02:00	Revue technique bornée : aucun signal direct dans les noms et échantillons inspectés
54ad4ff3c751df50f7de6534	HOLD	Florian MAILLARD	2026-09-06T22:53:34+02:00	Revue technique bornée : signal direct à examiner : contact,email,phone
54b4e31dc751df0605ae2616	APPROVE	Florian MAILLARD	2026-09-06T22:53:34+02:00	Revue technique bornée : aucun signal direct dans les noms et échantillons inspectés
54de1e8fc751df388646738b	APPROVE	Florian MAILLARD	2026-09-06T22:53:34+02:00	Revue technique bornée : aucun signal direct dans les noms et échantillons inspectés
5530fbacc751df5ff937dddb	HOLD	Florian MAILLARD	2026-09-06T22:53:34+02:00	Revue technique bornée : signal direct à examiner : address,contact,phone
55424b64c751df766fa7b26f	HOLD	Florian MAILLARD	2026-09-06T22:53:34+02:00	Revue technique bornée : signal direct à examiner : address,contact,phone
5548d994c751df32e0a7b26c	HOLD	Florian MAILLARD	2026-09-06T22:53:34+02:00	Revue technique bornée : signal direct à examiner : address,contact,email,partial_file_sample,phone
5550cfd9c751df388e190c78	HOLD	Florian MAILLARD	2026-09-06T22:53:34+02:00	Revue technique bornée : signal direct à examiner : address,contact,email,phone
555df20bc751df415ac98e11	APPROVE	Florian MAILLARD	2026-09-06T22:53:34+02:00	Revue technique bornée : aucun signal direct dans les noms et échantillons inspectés
55882244c751df5f2ca453b9	APPROVE	Florian MAILLARD	2026-09-06T22:53:34+02:00	Revue technique bornée : aucun signal direct dans les noms et échantillons inspectés
559395f1c751df0f51a453b9	HOLD	Florian MAILLARD	2026-09-06T22:53:34+02:00	Revue technique bornée : signal direct à examiner : address,contact,email,first_name,ip_address,last_name
5593aab9c751df35d8a453ba	HOLD	Florian MAILLARD	2026-09-06T22:53:34+02:00	Revue technique bornée : signal direct à examiner : address,contact,phone
559e98cdc751df4443390bd3	HOLD	Florian MAILLARD	2026-09-06T22:53:34+02:00	Revue technique bornée : signal direct à examiner : contact,email,phone
5617ad4dc751df6211cdbb49	HOLD	Florian MAILLARD	2026-09-06T22:53:34+02:00	Revue technique bornée : signal direct à examiner : address,email
5617b11dc751df083fcdbb48	HOLD	Florian MAILLARD	2026-09-06T22:53:34+02:00	Revue technique bornée : signal direct à examiner : email
561fbf0d88ee3836b1628efb	APPROVE	Florian MAILLARD	2026-09-06T22:53:34+02:00	Revue technique bornée : aucun signal direct dans les noms et échantillons inspectés
56535b0dc751df4793aad371	HOLD	Florian MAILLARD	2026-09-06T22:53:34+02:00	Revue technique bornée : signal direct à examiner : contact,email,phone
5653a8dc88ee38737fe72046	HOLD	Florian MAILLARD	2026-09-06T22:53:34+02:00	Revue technique bornée : signal direct à examiner : contact,email,phone
5665ff71c751df71e6c664c2	HOLD	Florian MAILLARD	2026-09-06T22:53:34+02:00	Revue technique bornée : signal direct à examiner : address,contact,email,phone
566e964188ee3875beaf0bf5	HOLD	Florian MAILLARD	2026-09-06T22:53:34+02:00	Revue technique bornée : signal direct à examiner : partial_file_sample
56eb191e88ee38750689c52e	HOLD	Florian MAILLARD	2026-09-06T22:53:34+02:00	Revue technique bornée : signal direct à examiner : contact,email,phone
56ebf05fc751df7756cc7140	HOLD	Florian MAILLARD	2026-09-06T22:53:34+02:00	Revue technique bornée : signal direct à examiner : contact,email,phone
56ec0852c751df1d76cc7141	APPROVE	Florian MAILLARD	2026-09-06T22:53:34+02:00	Revue technique bornée : aucun signal direct dans les noms et échantillons inspectés
56ec086dc751df1d76cc7146	APPROVE	Florian MAILLARD	2026-09-06T22:53:34+02:00	Revue technique bornée : aucun signal direct dans les noms et échantillons inspectés
56ec088b88ee385297e1a629	APPROVE	Florian MAILLARD	2026-09-06T22:53:34+02:00	Revue technique bornée : aucun signal direct dans les noms et échantillons inspectés
56ec08b1c751df73c2cc7148	APPROVE	Florian MAILLARD	2026-09-06T22:53:34+02:00	Revue technique bornée : aucun signal direct dans les noms et échantillons inspectés
56fd8e8788ee387079c352f7	APPROVE	Florian MAILLARD	2026-09-06T22:53:34+02:00	Revue technique bornée : aucun signal direct dans les noms et échantillons inspectés
56fd90e8c751df174ac485cb	HOLD	Florian MAILLARD	2026-09-06T22:53:34+02:00	Revue technique bornée : signal direct à examiner : partial_file_sample
5761babc88ee382661640391	APPROVE	Florian MAILLARD	2026-09-06T22:53:34+02:00	Revue technique bornée : aucun signal direct dans les noms et échantillons inspectés
577225c888ee383112ab6512	HOLD	Florian MAILLARD	2026-09-06T22:53:34+02:00	Revue technique bornée : signal direct à examiner : phone
577cb487c751df29779901a0	HOLD	Florian MAILLARD	2026-09-06T22:53:34+02:00	Revue technique bornée : signal direct à examiner : address,contact,email,first_name,phone
5796275a88ee3831d77d97c2	HOLD	Florian MAILLARD	2026-09-06T22:53:34+02:00	Revue technique bornée : signal direct à examiner : phone
57db115088ee3802f55ff490	HOLD	Florian MAILLARD	2026-09-06T22:53:34+02:00	Revue technique bornée : signal direct à examiner : address,contact,email,first_name,phone
57db148888ee383cd95ff490	HOLD	Florian MAILLARD	2026-09-06T22:53:34+02:00	Revue technique bornée : signal direct à examiner : contact,email,phone
58123657c751df389fc562c8	HOLD	Florian MAILLARD	2026-09-06T22:53:34+02:00	Revue technique bornée : signal direct à examiner : contact,email,phone
582d7c04a3a7290df5f45b67	HOLD	Florian MAILLARD	2026-09-06T22:53:34+02:00	Revue technique bornée : signal direct à examiner : address,contact,email,phone
5838300988ee386317c65bb3	HOLD	Florian MAILLARD	2026-09-06T22:53:34+02:00	Revue technique bornée : signal direct à examiner : address,contact,email,phone
58480c1fc751df560cc0bb7e	HOLD	Florian MAILLARD	2026-09-06T22:53:34+02:00	Revue technique bornée : signal direct à examiner : address,contact,email,phone
584810d9c751df5ed8c0bb7e	HOLD	Florian MAILLARD	2026-09-06T22:53:34+02:00	Revue technique bornée : signal direct à examiner : contact,email,phone
584814c3c751df65ebc0bb7e	HOLD	Florian MAILLARD	2026-09-06T22:53:34+02:00	Revue technique bornée : signal direct à examiner : contact,email,phone
5863714388ee3863df3f4e5d	HOLD	Florian MAILLARD	2026-09-06T22:53:34+02:00	Revue technique bornée : signal direct à examiner : contact,email
586dae68a3a7290df6f4be93	APPROVE	Florian MAILLARD	2026-09-06T22:53:34+02:00	Revue technique bornée : aucun signal direct dans les noms et échantillons inspectés
586dae71a3a7290df5f4be86	HOLD	Florian MAILLARD	2026-09-06T22:53:34+02:00	Revue technique bornée : signal direct à examiner : address,contact,email,first_name,phone
586dae76a3a7290df5f4be8c	APPROVE	Florian MAILLARD	2026-09-06T22:53:34+02:00	Revue technique bornée : aucun signal direct dans les noms et échantillons inspectés
587379c788ee384d1e0bfefe	APPROVE	Florian MAILLARD	2026-09-06T22:53:34+02:00	Revue technique bornée : aucun signal direct dans les noms et échantillons inspectés
5889d03ea3a72974c1f0d5fe	APPROVE	Florian MAILLARD	2026-09-06T22:53:34+02:00	Revue technique bornée : aucun signal direct dans les noms et échantillons inspectés
5889d03fa3a72974c1f0d5ff	APPROVE	Florian MAILLARD	2026-09-06T22:53:34+02:00	Revue technique bornée : aucun signal direct dans les noms et échantillons inspectés
5889d03fa3a72974cbf0d5b1	HOLD	Florian MAILLARD	2026-09-06T22:53:34+02:00	Revue technique bornée : signal direct à examiner : address,phone
5889d040a3a72974c1f0d601	APPROVE	Florian MAILLARD	2026-09-06T22:53:34+02:00	Revue technique bornée : aucun signal direct dans les noms et échantillons inspectés
5889d041a3a72974cbf0d5b6	APPROVE	Florian MAILLARD	2026-09-06T22:53:34+02:00	Revue technique bornée : aucun signal direct dans les noms et échantillons inspectés
5889d041a3a72974cbf0d5b7	APPROVE	Florian MAILLARD	2026-09-06T22:53:34+02:00	Revue technique bornée : aucun signal direct dans les noms et échantillons inspectés
5889d042a3a72974c1f0d607	APPROVE	Florian MAILLARD	2026-09-06T22:53:34+02:00	Revue technique bornée : aucun signal direct dans les noms et échantillons inspectés
5889d043a3a72974cbf0d5ba	APPROVE	Florian MAILLARD	2026-09-06T22:53:34+02:00	Revue technique bornée : aucun signal direct dans les noms et échantillons inspectés
5889d044a3a72974c1f0d60b	APPROVE	Florian MAILLARD	2026-09-06T22:53:34+02:00	Revue technique bornée : aucun signal direct dans les noms et échantillons inspectés
5889d044a3a72974cbf0d5bc	HOLD	Florian MAILLARD	2026-09-06T22:53:34+02:00	Revue technique bornée : signal direct à examiner : address
5889d044a3a72974cbf0d5bd	APPROVE	Florian MAILLARD	2026-09-06T22:53:34+02:00	Revue technique bornée : aucun signal direct dans les noms et échantillons inspectés
5892a0cba3a72974c1f0de3c	HOLD	Florian MAILLARD	2026-09-06T22:53:34+02:00	Revue technique bornée : signal direct à examiner : address
58989098c751df12c2ae0a65	HOLD	Florian MAILLARD	2026-09-06T22:53:34+02:00	Revue technique bornée : signal direct à examiner : address,contact,email,phone
58c98b1888ee38770950152b	HOLD	Florian MAILLARD	2026-09-06T22:53:34+02:00	Revue technique bornée : signal direct à examiner : contact,phone
58e53811c751df03df38f42d	HOLD	Florian MAILLARD	2026-09-06T22:53:34+02:00	Revue technique bornée : signal direct à examiner : address,contact,health_id,partial_file_sample,phone
58ef2cd2a3a7293d49c4e177	EXCLUDE	Florian MAILLARD	2026-09-06T22:53:34+02:00	Revue technique bornée : aucun fichier local complet à diffuser
58ef2d65a3a7293d49c4e183	HOLD	Florian MAILLARD	2026-09-06T22:53:34+02:00	Revue technique bornée : signal direct à examiner : contact,phone
592d454188ee3802a9b970af	APPROVE	Florian MAILLARD	2026-09-06T22:53:34+02:00	Revue technique bornée : aucun signal direct dans les noms et échantillons inspectés
594a63cec751df347daad517	HOLD	Florian MAILLARD	2026-09-06T22:53:34+02:00	Revue technique bornée : signal direct à examiner : partial_file_sample
594c298ec751df76726294d9	HOLD	Florian MAILLARD	2026-09-06T22:53:34+02:00	Revue technique bornée : signal direct à examiner : contact,phone
5950cc9888ee384bd5eabd8e	HOLD	Florian MAILLARD	2026-09-06T22:53:34+02:00	Revue technique bornée : signal direct à examiner : address,contact,phone
595915ada3a7291dd09c804f	APPROVE	Florian MAILLARD	2026-09-06T22:53:34+02:00	Revue technique bornée : aucun signal direct dans les noms et échantillons inspectés
59591c01a3a7291dcf9c8140	HOLD	Florian MAILLARD	2026-09-06T22:53:34+02:00	Revue technique bornée : signal direct à examiner : address,contact,email,phone
59593615a3a7291dcf9c8272	APPROVE	Florian MAILLARD	2026-09-06T22:53:34+02:00	Revue technique bornée : aucun signal direct dans les noms et échantillons inspectés
597b4504c751df0709bff25c	HOLD	Florian MAILLARD	2026-09-06T22:53:34+02:00	Revue technique bornée : signal direct à examiner : address,contact,email,phone
597b451188ee383b7e823d60	HOLD	Florian MAILLARD	2026-09-06T22:53:34+02:00	Revue technique bornée : signal direct à examiner : contact
597b4513c751df06dd254d4a	HOLD	Florian MAILLARD	2026-09-06T22:53:34+02:00	Revue technique bornée : signal direct à examiner : contact
597b452088ee383d3c10c6ae	HOLD	Florian MAILLARD	2026-09-06T22:53:34+02:00	Revue technique bornée : signal direct à examiner : contact
598324dc88ee3848356dd30a	HOLD	Florian MAILLARD	2026-09-06T22:53:34+02:00	Revue technique bornée : signal direct à examiner : address,contact,email,phone
59c36c6a88ee3826d5998a35	HOLD	Florian MAILLARD	2026-09-06T22:53:34+02:00	Revue technique bornée : signal direct à examiner : address,contact
5a1d46e7c751df151abbb304	HOLD	Florian MAILLARD	2026-09-06T22:53:34+02:00	Revue technique bornée : signal direct à examiner : address,contact,email,phone
5a341272c751df2a33f64d43	HOLD	Florian MAILLARD	2026-09-06T22:53:34+02:00	Revue technique bornée : producteur absent; attribution à résoudre
5a561801c751df42d7fca9b6	APPROVE	Florian MAILLARD	2026-09-06T22:53:34+02:00	Revue technique bornée : aucun signal direct dans les noms et échantillons inspectés
5a6c78f188ee3831716746b8	EXCLUDE	Florian MAILLARD	2026-09-06T22:53:34+02:00	Revue technique bornée : aucun fichier local complet à diffuser
5a6c7e7b88ee383fabaa4823	HOLD	Florian MAILLARD	2026-09-06T22:53:34+02:00	Revue technique bornée : producteur absent; attribution à résoudre
5aab4167a3a7291ed12c89f7	HOLD	Florian MAILLARD	2026-09-06T22:53:34+02:00	Revue technique bornée : signal direct à examiner : address,contact,email,phone
5ac5a221a3a7291d89cf960c	APPROVE	Florian MAILLARD	2026-09-06T22:53:34+02:00	Revue technique bornée : aucun signal direct dans les noms et échantillons inspectés
5ac71ff6b595080400c04a3c	APPROVE	Florian MAILLARD	2026-09-06T22:53:34+02:00	Revue technique bornée : aucun signal direct dans les noms et échantillons inspectés
5ae2d5b5c751df3498bc70ad	HOLD	Florian MAILLARD	2026-09-06T22:53:34+02:00	Revue technique bornée : signal direct à examiner : address,contact,email
5af120e5b595087cfabcde81	HOLD	Florian MAILLARD	2026-09-06T22:53:34+02:00	Revue technique bornée : signal direct à examiner : address,email
5af120e7b595087cfabcde82	HOLD	Florian MAILLARD	2026-09-06T22:53:34+02:00	Revue technique bornée : signal direct à examiner : address
5af1210fb595080488bcde6e	HOLD	Florian MAILLARD	2026-09-06T22:53:34+02:00	Revue technique bornée : signal direct à examiner : address
5b156279c751df40bb588de9	HOLD	Florian MAILLARD	2026-09-06T22:53:34+02:00	Revue technique bornée : signal direct à examiner : contact,phone
5b15fd22a3a7290eb6758880	APPROVE	Florian MAILLARD	2026-09-06T22:53:34+02:00	Revue technique bornée : aucun signal direct dans les noms et échantillons inspectés
5b160132a3a7291530758884	HOLD	Florian MAILLARD	2026-09-06T22:53:34+02:00	Revue technique bornée : signal direct à examiner : contact
5b1628d8b59508189015c486	HOLD	Florian MAILLARD	2026-09-06T22:53:34+02:00	Revue technique bornée : signal direct à examiner : contact
5b220199a3a7297ffee6cc23	APPROVE	Florian MAILLARD	2026-09-06T22:53:34+02:00	Revue technique bornée : aucun signal direct dans les noms et échantillons inspectés
5b27839288ee3827eee7079a	APPROVE	Florian MAILLARD	2026-09-06T22:53:34+02:00	Revue technique bornée : aucun signal direct dans les noms et échantillons inspectés
5b448216a3a729752eb11d6f	HOLD	Florian MAILLARD	2026-09-06T22:53:34+02:00	Revue technique bornée : signal direct à examiner : contact
5b4cdb57a3a729797ae1c35e	HOLD	Florian MAILLARD	2026-09-06T22:53:34+02:00	Revue technique bornée : signal direct à examiner : address,contact,email,phone
5b4cdb59b595081059d496d4	HOLD	Florian MAILLARD	2026-09-06T22:53:34+02:00	Revue technique bornée : signal direct à examiner : address,contact,email,phone
5b4cdb5ca3a729797ae1c35f	HOLD	Florian MAILLARD	2026-09-06T22:53:34+02:00	Revue technique bornée : signal direct à examiner : address,contact,email,phone
5b4cdb62a3a729797ae1c360	HOLD	Florian MAILLARD	2026-09-06T22:53:34+02:00	Revue technique bornée : signal direct à examiner : address,contact,email,phone
5b4ee7e7b5950877c5d496cd	APPROVE	Florian MAILLARD	2026-09-06T22:53:34+02:00	Revue technique bornée : aucun signal direct dans les noms et échantillons inspectés
5b4ee890a3a7296dbbe1c35b	APPROVE	Florian MAILLARD	2026-09-06T22:53:34+02:00	Revue technique bornée : aucun signal direct dans les noms et échantillons inspectés
5b4ee8a7b595087918d496ca	APPROVE	Florian MAILLARD	2026-09-06T22:53:34+02:00	Revue technique bornée : aucun signal direct dans les noms et échantillons inspectés
5b4eeb62a3a7297183e1c36c	APPROVE	Florian MAILLARD	2026-09-06T22:53:34+02:00	Revue technique bornée : aucun signal direct dans les noms et échantillons inspectés
5b4eeb71a3a7297183e1c36f	APPROVE	Florian MAILLARD	2026-09-06T22:53:34+02:00	Revue technique bornée : aucun signal direct dans les noms et échantillons inspectés
5b4eebbca3a7297352e1c34d	APPROVE	Florian MAILLARD	2026-09-06T22:53:34+02:00	Revue technique bornée : aucun signal direct dans les noms et échantillons inspectés
5b598be088ee387c0c353714	HOLD	Florian MAILLARD	2026-09-06T22:53:34+02:00	Revue technique bornée : signal direct à examiner : address,contact,email,partial_file_sample,phone
5b714efe8b4c4136058be7f1	APPROVE	Florian MAILLARD	2026-09-06T22:53:34+02:00	Revue technique bornée : aucun signal direct dans les noms et échantillons inspectés
5b7679e8634f412ed6d322f7	HOLD	Florian MAILLARD	2026-09-06T22:53:34+02:00	Revue technique bornée : signal direct à examiner : contact,partial_file_sample
5b7eaa3d8b4c415a11a8ca82	APPROVE	Florian MAILLARD	2026-09-06T22:53:34+02:00	Revue technique bornée : aucun signal direct dans les noms et échantillons inspectés
5b7ec60c8b4c410775324e55	HOLD	Florian MAILLARD	2026-09-06T22:53:34+02:00	Revue technique bornée : signal direct à examiner : partial_file_sample
5b7ffc618b4c4169d30727e0	HOLD	Florian MAILLARD	2026-09-06T22:53:34+02:00	Revue technique bornée : signal direct à examiner : address,contact,partial_file_sample
5b87f1568b4c417e46a85e4a	HOLD	Florian MAILLARD	2026-09-06T22:53:34+02:00	Revue technique bornée : signal direct à examiner : partial_file_sample
5b90b88306e3e7417c2ffd33	APPROVE	Florian MAILLARD	2026-09-06T22:53:34+02:00	Revue technique bornée : aucun signal direct dans les noms et échantillons inspectés
5bb61a378b4c4118b11dd650	APPROVE	Florian MAILLARD	2026-09-06T22:53:34+02:00	Revue technique bornée : aucun signal direct dans les noms et échantillons inspectés
5bbf2bf28b4c4175c716d3b1	APPROVE	Florian MAILLARD	2026-09-06T22:53:34+02:00	Revue technique bornée : aucun signal direct dans les noms et échantillons inspectés
5bc171609ce2e750ce422d3e	APPROVE	Florian MAILLARD	2026-09-06T22:53:34+02:00	Revue technique bornée : aucun signal direct dans les noms et échantillons inspectés
5bc5df57634f417a900a5ed0	HOLD	Florian MAILLARD	2026-09-06T22:53:34+02:00	Revue technique bornée : signal direct à examiner : address,contact,email,first_name,partial_file_sample
5bcdc37a634f41327d733c29	HOLD	Florian MAILLARD	2026-09-06T22:53:34+02:00	Revue technique bornée : signal direct à examiner : address,contact
5bd837f2634f41112d338d46	EXCLUDE	Florian MAILLARD	2026-09-06T22:53:34+02:00	Revue technique bornée : aucun fichier local complet à diffuser
5bd9c7c8634f412c5f28cc48	APPROVE	Florian MAILLARD	2026-09-06T22:53:34+02:00	Revue technique bornée : aucun signal direct dans les noms et échantillons inspectés
5bfcc5a006e3e744e304ccf0	APPROVE	Florian MAILLARD	2026-09-06T22:53:34+02:00	Revue technique bornée : aucun signal direct dans les noms et échantillons inspectés
5c3538da9ce2e7459c6d765a	HOLD	Florian MAILLARD	2026-09-06T22:53:34+02:00	Revue technique bornée : signal direct à examiner : address,contact,phone
5c4ae55a634f4117716d5656	APPROVE	Florian MAILLARD	2026-09-06T22:53:34+02:00	Revue technique bornée : aucun signal direct dans les noms et échantillons inspectés
5c4b0be98b4c412d41f1fdba	APPROVE	Florian MAILLARD	2026-09-06T22:53:34+02:00	Revue technique bornée : aucun signal direct dans les noms et échantillons inspectés
5c4b0d2d8b4c413b7e935b3b	APPROVE	Florian MAILLARD	2026-09-06T22:53:34+02:00	Revue technique bornée : aucun signal direct dans les noms et échantillons inspectés
5c6f225f634f411aca138430	APPROVE	Florian MAILLARD	2026-09-06T22:53:34+02:00	Revue technique bornée : aucun signal direct dans les noms et échantillons inspectés
5c6f5987634f41317c8a0f14	APPROVE	Florian MAILLARD	2026-09-06T22:53:34+02:00	Revue technique bornée : aucun signal direct dans les noms et échantillons inspectés
5c9e3c478b4c414290a0f73c	HOLD	Florian MAILLARD	2026-09-06T22:53:34+02:00	Revue technique bornée : signal direct à examiner : address,contact,email,partial_file_sample,phone
5cc1b94a634f4165e96436c1	HOLD	Florian MAILLARD	2026-09-06T22:53:34+02:00	Revue technique bornée : signal direct à examiner : address,contact,phone
5cdd26748b4c413b076fb9cf	HOLD	Florian MAILLARD	2026-09-06T22:53:34+02:00	Revue technique bornée : signal direct à examiner : address
5ce8c11e06e3e715bcd57eba	APPROVE	Florian MAILLARD	2026-09-06T22:53:34+02:00	Revue technique bornée : aucun signal direct dans les noms et échantillons inspectés
5d12ee8206e3e762c0c89a4c	HOLD	Florian MAILLARD	2026-09-06T22:53:34+02:00	Revue technique bornée : signal direct à examiner : address,contact,phone
5d1b7aa36f444175f0d04005	APPROVE	Florian MAILLARD	2026-09-06T22:53:34+02:00	Revue technique bornée : aucun signal direct dans les noms et échantillons inspectés
5d1b7c576f44417a5d88e05e	APPROVE	Florian MAILLARD	2026-09-06T22:53:34+02:00	Revue technique bornée : aucun signal direct dans les noms et échantillons inspectés
5d318e9c634f4172420e6f2c	APPROVE	Florian MAILLARD	2026-09-06T22:53:34+02:00	Revue technique bornée : aucun signal direct dans les noms et échantillons inspectés
5d36ef386f444131f0f9e9ae	HOLD	Florian MAILLARD	2026-09-06T22:53:34+02:00	Revue technique bornée : signal direct à examiner : address
5d3824836f444107bf9d9707	HOLD	Florian MAILLARD	2026-09-06T22:53:34+02:00	Revue technique bornée : signal direct à examiner : address,contact,email,phone
5d4dd16c6f444161e140abc9	HOLD	Florian MAILLARD	2026-09-06T22:53:34+02:00	Revue technique bornée : producteur absent; attribution à résoudre
5d6eaffc8b4c417cdc452ac3	HOLD	Florian MAILLARD	2026-09-06T22:53:34+02:00	Revue technique bornée : signal direct à examiner : contact
5d79f026634f4132ac9ea4c0	APPROVE	Florian MAILLARD	2026-09-06T22:53:34+02:00	Revue technique bornée : aucun signal direct dans les noms et échantillons inspectés
5d79f0298b4c412a75293c7b	HOLD	Florian MAILLARD	2026-09-06T22:53:34+02:00	Revue technique bornée : signal direct à examiner : contact,email
5d79f02a634f4132bd8ee1c5	HOLD	Florian MAILLARD	2026-09-06T22:53:34+02:00	Revue technique bornée : signal direct à examiner : contact,email
5d7f4da08b4c415e9fd832f1	HOLD	Florian MAILLARD	2026-09-06T22:53:34+02:00	Revue technique bornée : signal direct à examiner : contact,phone
5d7f639e8b4c412cf8b8500c	HOLD	Florian MAILLARD	2026-09-06T22:53:34+02:00	Revue technique bornée : signal direct à examiner : address,contact,phone
5d85a39106e3e776600e40e2	HOLD	Florian MAILLARD	2026-09-06T22:53:34+02:00	Revue technique bornée : signal direct à examiner : address,first_name,phone
5d8e16106f44410332a79994	HOLD	Florian MAILLARD	2026-09-06T22:53:34+02:00	Revue technique bornée : signal direct à examiner : contact,phone
5d9215888b4c415092182f79	HOLD	Florian MAILLARD	2026-09-06T22:53:34+02:00	Revue technique bornée : signal direct à examiner : address,contact,phone
5db7bb2006e3e7769f832c58	APPROVE	Florian MAILLARD	2026-09-06T22:53:34+02:00	Revue technique bornée : aucun signal direct dans les noms et échantillons inspectés
5db7bb20dee7e76680936949	APPROVE	Florian MAILLARD	2026-09-06T22:53:34+02:00	Revue technique bornée : aucun signal direct dans les noms et échantillons inspectés
5dbd4a3a634f4140741cb9ad	HOLD	Florian MAILLARD	2026-09-06T22:53:34+02:00	Revue technique bornée : producteur absent; attribution à résoudre
5dc423178b4c4146ca45d7ef	HOLD	Florian MAILLARD	2026-09-06T22:53:34+02:00	Revue technique bornée : signal direct à examiner : address,contact,email,phone
5dd651698b4c410aeb6582df	APPROVE	Florian MAILLARD	2026-09-06T22:53:34+02:00	Revue technique bornée : aucun signal direct dans les noms et échantillons inspectés
5dd651708b4c410b091ad508	APPROVE	Florian MAILLARD	2026-09-06T22:53:34+02:00	Revue technique bornée : aucun signal direct dans les noms et échantillons inspectés
5dddbf359ce2e72e0fb62c09	HOLD	Florian MAILLARD	2026-09-06T22:53:34+02:00	Revue technique bornée : signal direct à examiner : address,phone
5dddbf379ce2e72e15b62c09	HOLD	Florian MAILLARD	2026-09-06T22:53:34+02:00	Revue technique bornée : signal direct à examiner : address,contact,phone
5dddbf3806e3e77cec832c57	HOLD	Florian MAILLARD	2026-09-06T22:53:34+02:00	Revue technique bornée : signal direct à examiner : address,contact,phone
5dddbf389ce2e72e0fb62c0a	HOLD	Florian MAILLARD	2026-09-06T22:53:34+02:00	Revue technique bornée : signal direct à examiner : address,contact,phone
5dddbf399ce2e72e15b62c0a	HOLD	Florian MAILLARD	2026-09-06T22:53:34+02:00	Revue technique bornée : signal direct à examiner : address,contact,phone
5dde689c634f412e071fb12e	HOLD	Florian MAILLARD	2026-09-06T22:53:34+02:00	Revue technique bornée : signal direct à examiner : address
5e1910819ce2e706dfa48bf5	APPROVE	Florian MAILLARD	2026-09-06T22:53:34+02:00	Revue technique bornée : aucun signal direct dans les noms et échantillons inspectés
5e3221ed06e3e70507320baf	EXCLUDE	Florian MAILLARD	2026-09-06T22:53:34+02:00	Revue technique bornée : aucun fichier local complet à diffuser
5e3221ee9ce2e7433df7fb95	HOLD	Florian MAILLARD	2026-09-06T22:53:34+02:00	Revue technique bornée : signal direct à examiner : address,first_name,phone
5e6ad06d06e3e742367168cc	APPROVE	Florian MAILLARD	2026-09-06T22:53:34+02:00	Revue technique bornée : aucun signal direct dans les noms et échantillons inspectés
5e74ecf52eb7514f2d3b8845	APPROVE	Florian MAILLARD	2026-09-06T22:53:34+02:00	Revue technique bornée : aucun signal direct dans les noms et échantillons inspectés
5e7b688ad0216647b33b1250	APPROVE	Florian MAILLARD	2026-09-06T22:53:34+02:00	Revue technique bornée : aucun signal direct dans les noms et échantillons inspectés
5e836644ca07c8558d91a6fc	APPROVE	Florian MAILLARD	2026-09-06T22:53:34+02:00	Revue technique bornée : aucun signal direct dans les noms et échantillons inspectés
5e8bfb816ba0b9240dd1046b	APPROVE	Florian MAILLARD	2026-09-06T22:53:34+02:00	Revue technique bornée : aucun signal direct dans les noms et échantillons inspectés
5e8ee97c16601da4ee24ffb7	HOLD	Florian MAILLARD	2026-09-06T22:53:34+02:00	Revue technique bornée : signal direct à examiner : partial_file_sample
5ebd3ee87d7c3b66d08cf4fd	HOLD	Florian MAILLARD	2026-09-06T22:53:34+02:00	Revue technique bornée : signal direct à examiner : contact,phone
5ec3a046c9e9abed50d770a9	HOLD	Florian MAILLARD	2026-09-06T22:53:34+02:00	Revue technique bornée : signal direct à examiner : address,contact,email,phone
5ed5ced55454365371179ef4	APPROVE	Florian MAILLARD	2026-09-06T22:53:34+02:00	Revue technique bornée : aucun signal direct dans les noms et échantillons inspectés
5ed7c76398c0da12698f167d	HOLD	Florian MAILLARD	2026-09-06T22:53:34+02:00	Revue technique bornée : signal direct à examiner : contact,email,phone
5ef45f5720c559a4e8950d2d	APPROVE	Florian MAILLARD	2026-09-06T22:53:34+02:00	Revue technique bornée : aucun signal direct dans les noms et échantillons inspectés
5f031c0284d60df5d5d06000	HOLD	Florian MAILLARD	2026-09-06T22:53:34+02:00	Revue technique bornée : signal direct à examiner : address,first_name,phone
5f0fd12c46245dad0c6dcf09	APPROVE	Florian MAILLARD	2026-09-06T22:53:34+02:00	Revue technique bornée : aucun signal direct dans les noms et échantillons inspectés
5f201af96831adfdf8aecc02	APPROVE	Florian MAILLARD	2026-09-06T22:53:34+02:00	Revue technique bornée : aucun signal direct dans les noms et échantillons inspectés
5f2c9a79e4e713875a58be26	APPROVE	Florian MAILLARD	2026-09-06T22:53:34+02:00	Revue technique bornée : aucun signal direct dans les noms et échantillons inspectés
5f603c9607bc385c2b8f0771	APPROVE	Florian MAILLARD	2026-09-06T22:53:34+02:00	Revue technique bornée : aucun signal direct dans les noms et échantillons inspectés
5f637e78444bc28c04a6e1c3	HOLD	Florian MAILLARD	2026-09-06T22:53:34+02:00	Revue technique bornée : signal direct à examiner : address,contact,email,phone
5f6463ee271bb37526f5907c	HOLD	Florian MAILLARD	2026-09-06T22:53:34+02:00	Revue technique bornée : signal direct à examiner : contact,email,phone
5f68c4ec93e22c89418021e3	APPROVE	Florian MAILLARD	2026-09-06T22:53:34+02:00	Revue technique bornée : aucun signal direct dans les noms et échantillons inspectés
5f68c4ec9920494bf28021e3	APPROVE	Florian MAILLARD	2026-09-06T22:53:34+02:00	Revue technique bornée : aucun signal direct dans les noms et échantillons inspectés
5f68c4edc9ed7984245b654a	APPROVE	Florian MAILLARD	2026-09-06T22:53:34+02:00	Revue technique bornée : aucun signal direct dans les noms et échantillons inspectés
5f68c4edc9ed7984245b654b	APPROVE	Florian MAILLARD	2026-09-06T22:53:34+02:00	Revue technique bornée : aucun signal direct dans les noms et échantillons inspectés
5f69ecb155c43420918410b8	APPROVE	Florian MAILLARD	2026-09-06T22:53:34+02:00	Revue technique bornée : aucun signal direct dans les noms et échantillons inspectés
5f7fe0822a00717c597ce91e	HOLD	Florian MAILLARD	2026-09-06T22:53:34+02:00	Revue technique bornée : signal direct à examiner : email,phone
5f8f7a45f155da7abbd5f962	APPROVE	Florian MAILLARD	2026-09-06T22:53:34+02:00	Revue technique bornée : aucun signal direct dans les noms et échantillons inspectés
5f90f5c978b32276bad5f959	HOLD	Florian MAILLARD	2026-09-06T22:53:34+02:00	Revue technique bornée : signal direct à examiner : contact
5f979bd875978e1460d5f959	HOLD	Florian MAILLARD	2026-09-06T22:53:34+02:00	Revue technique bornée : signal direct à examiner : contact,phone
5fa5e38978ad06b169de1e1d	HOLD	Florian MAILLARD	2026-09-06T22:53:34+02:00	Revue technique bornée : signal direct à examiner : phone
5fa9901b66cff095591963e6	APPROVE	Florian MAILLARD	2026-09-06T22:53:34+02:00	Revue technique bornée : aucun signal direct dans les noms et échantillons inspectés
5fa9901be0b96c51b61963e6	APPROVE	Florian MAILLARD	2026-09-06T22:53:34+02:00	Revue technique bornée : aucun signal direct dans les noms et échantillons inspectés
5fa9901c7094eadce61963e8	APPROVE	Florian MAILLARD	2026-09-06T22:53:34+02:00	Revue technique bornée : aucun signal direct dans les noms et échantillons inspectés
5fb85926e09592b82971eb96	HOLD	Florian MAILLARD	2026-09-06T22:53:34+02:00	Revue technique bornée : signal direct à examiner : address
5fbb95cd90aa3901aef2a418	APPROVE	Florian MAILLARD	2026-09-06T22:53:34+02:00	Revue technique bornée : aucun signal direct dans les noms et échantillons inspectés
5fc9b4729dbf684fecb13bae	APPROVE	Florian MAILLARD	2026-09-06T22:53:34+02:00	Revue technique bornée : aucun signal direct dans les noms et échantillons inspectés
5fcace5eb6ba4c68f843096a	HOLD	Florian MAILLARD	2026-09-06T22:53:34+02:00	Revue technique bornée : signal direct à examiner : address
5fda75d3084b5fa14f89cd2f	HOLD	Florian MAILLARD	2026-09-06T22:53:34+02:00	Revue technique bornée : signal direct à examiner : address
5fdaa17540b22ccf1e1f7cbe	HOLD	Florian MAILLARD	2026-09-06T22:53:34+02:00	Revue technique bornée : signal direct à examiner : address,phone
60191f8eb95272904c26b615	HOLD	Florian MAILLARD	2026-09-06T22:53:34+02:00	Revue technique bornée : signal direct à examiner : address
601c8d57cdfa0f394ac1ff90	EXCLUDE	Florian MAILLARD	2026-09-06T22:53:34+02:00	Revue technique bornée : aucun fichier local complet à diffuser
60274f0cbb06f7e1577ce5a7	APPROVE	Florian MAILLARD	2026-09-06T22:53:34+02:00	Revue technique bornée : aucun signal direct dans les noms et échantillons inspectés
60274f0db3d17ed49f7ce5a7	APPROVE	Florian MAILLARD	2026-09-06T22:53:34+02:00	Revue technique bornée : aucun signal direct dans les noms et échantillons inspectés
6042fecac08756b00d7a57de	APPROVE	Florian MAILLARD	2026-09-06T22:53:34+02:00	Revue technique bornée : aucun signal direct dans les noms et échantillons inspectés
604b41376268c26e7f983c50	HOLD	Florian MAILLARD	2026-09-06T22:53:34+02:00	Revue technique bornée : signal direct à examiner : address,birth,contact,email,first_name,partial_file_sample,phone
6067e89b0aa12cfb479a7ce8	APPROVE	Florian MAILLARD	2026-09-06T22:53:34+02:00	Revue technique bornée : aucun signal direct dans les noms et échantillons inspectés
6092189c8c7f3ca7049bacce	APPROVE	Florian MAILLARD	2026-09-06T22:53:34+02:00	Revue technique bornée : aucun signal direct dans les noms et échantillons inspectés
6092189f52089a65549bacce	APPROVE	Florian MAILLARD	2026-09-06T22:53:34+02:00	Revue technique bornée : aucun signal direct dans les noms et échantillons inspectés
609218a179d24006209bacce	APPROVE	Florian MAILLARD	2026-09-06T22:53:34+02:00	Revue technique bornée : aucun signal direct dans les noms et échantillons inspectés
60b0a8760400f4c54e5ca05e	HOLD	Florian MAILLARD	2026-09-06T22:53:34+02:00	Revue technique bornée : producteur absent; attribution à résoudre
60b5b0ec04ca1909fd2ee2c7	HOLD	Florian MAILLARD	2026-09-06T22:53:34+02:00	Revue technique bornée : signal direct à examiner : address,phone
60b5b0ed2571d1002e2fcb3e	HOLD	Florian MAILLARD	2026-09-06T22:53:34+02:00	Revue technique bornée : signal direct à examiner : phone
60b5b0ed5d1dd28f2b2ee2c5	APPROVE	Florian MAILLARD	2026-09-06T22:53:34+02:00	Revue technique bornée : aucun signal direct dans les noms et échantillons inspectés
60c431acf0bf638bcd2fcb3b	APPROVE	Florian MAILLARD	2026-09-06T22:53:34+02:00	Revue technique bornée : aucun signal direct dans les noms et échantillons inspectés
60cb52a2d6477a292b8cfbcd	APPROVE	Florian MAILLARD	2026-09-06T22:53:34+02:00	Revue technique bornée : aucun signal direct dans les noms et échantillons inspectés
60d19ed9992173e4b9300362	APPROVE	Florian MAILLARD	2026-09-06T22:53:34+02:00	Revue technique bornée : aucun signal direct dans les noms et échantillons inspectés
60d3cbea97e7cbc080f9ae1b	APPROVE	Florian MAILLARD	2026-09-06T22:53:34+02:00	Revue technique bornée : aucun signal direct dans les noms et échantillons inspectés
60e678fececb26f4352c4f6a	APPROVE	Florian MAILLARD	2026-09-06T22:53:34+02:00	Revue technique bornée : aucun signal direct dans les noms et échantillons inspectés
60e678ff5e8dc467e055bb07	APPROVE	Florian MAILLARD	2026-09-06T22:53:34+02:00	Revue technique bornée : aucun signal direct dans les noms et échantillons inspectés
60e678ffcecb26f4352c4f6b	APPROVE	Florian MAILLARD	2026-09-06T22:53:34+02:00	Revue technique bornée : aucun signal direct dans les noms et échantillons inspectés
60e67902484dcf40d255bb07	APPROVE	Florian MAILLARD	2026-09-06T22:53:34+02:00	Revue technique bornée : aucun signal direct dans les noms et échantillons inspectés
60e67902fefedbb57155bb07	APPROVE	Florian MAILLARD	2026-09-06T22:53:34+02:00	Revue technique bornée : aucun signal direct dans les noms et échantillons inspectés
60e67905b1315808a72c4f6a	APPROVE	Florian MAILLARD	2026-09-06T22:53:34+02:00	Revue technique bornée : aucun signal direct dans les noms et échantillons inspectés
60f83b6ee3f89c4005e598c4	HOLD	Florian MAILLARD	2026-09-06T22:53:34+02:00	Revue technique bornée : signal direct à examiner : contact,email
6110eaaabbefd3150fec4557	HOLD	Florian MAILLARD	2026-09-06T22:53:34+02:00	Revue technique bornée : signal direct à examiner : address
6111ca4eceb85a1af39e9f47	HOLD	Florian MAILLARD	2026-09-06T22:53:34+02:00	Revue technique bornée : signal direct à examiner : address,phone
61162160ff5e52a51ea9666a	APPROVE	Florian MAILLARD	2026-09-06T22:53:34+02:00	Revue technique bornée : aucun signal direct dans les noms et échantillons inspectés
611621ef015cc1e65f3c91cc	APPROVE	Florian MAILLARD	2026-09-06T22:53:34+02:00	Revue technique bornée : aucun signal direct dans les noms et échantillons inspectés
611621f37e10d43b662b5c64	APPROVE	Florian MAILLARD	2026-09-06T22:53:34+02:00	Revue technique bornée : aucun signal direct dans les noms et échantillons inspectés
6128640090a161c05046ea4e	APPROVE	Florian MAILLARD	2026-09-06T22:53:34+02:00	Revue technique bornée : aucun signal direct dans les noms et échantillons inspectés
612da9f23e803252b4ef6a5a	HOLD	Florian MAILLARD	2026-09-06T22:53:34+02:00	Revue technique bornée : signal direct à examiner : contact,phone
6132b8007c4562a7d32bd965	APPROVE	Florian MAILLARD	2026-09-06T22:53:34+02:00	Revue technique bornée : aucun signal direct dans les noms et échantillons inspectés
61488c8c6c3e156d4c83f979	HOLD	Florian MAILLARD	2026-09-06T22:53:34+02:00	Revue technique bornée : signal direct à examiner : contact,phone
61489083dc4223219e50cc35	HOLD	Florian MAILLARD	2026-09-06T22:53:34+02:00	Revue technique bornée : signal direct à examiner : address,contact,partial_file_sample,phone
61489e33b77d1697d00d2fec	HOLD	Florian MAILLARD	2026-09-06T22:53:34+02:00	Revue technique bornée : signal direct à examiner : address,contact,phone
61489ec3e64c7f138f1b2e13	HOLD	Florian MAILLARD	2026-09-06T22:53:34+02:00	Revue technique bornée : signal direct à examiner : contact,phone
6149925a2ff0ab6cebdd6fe8	HOLD	Florian MAILLARD	2026-09-06T22:53:34+02:00	Revue technique bornée : signal direct à examiner : address,contact,phone
6149a5b090f7deb2468619cd	APPROVE	Florian MAILLARD	2026-09-06T22:53:34+02:00	Revue technique bornée : aucun signal direct dans les noms et échantillons inspectés
614adde800eeb2f8ac95be12	HOLD	Florian MAILLARD	2026-09-06T22:53:34+02:00	Revue technique bornée : signal direct à examiner : address,contact,email,phone
614b3fb671e1083ae45effd7	HOLD	Florian MAILLARD	2026-09-06T22:53:34+02:00	Revue technique bornée : signal direct à examiner : address,contact,phone
6152d0adef276056de55cbfe	APPROVE	Florian MAILLARD	2026-09-06T22:53:34+02:00	Revue technique bornée : aucun signal direct dans les noms et échantillons inspectés
615bcdd729be9185b3b0681a	HOLD	Florian MAILLARD	2026-09-06T22:53:34+02:00	Revue technique bornée : signal direct à examiner : address,phone
616d6531c2951bbe8bd97771	HOLD	Florian MAILLARD	2026-09-06T22:53:34+02:00	Revue technique bornée : signal direct à examiner : contact,partial_file_sample
6176785207139a929a2776fe	HOLD	Florian MAILLARD	2026-09-06T22:53:34+02:00	Revue technique bornée : signal direct à examiner : address,phone
617a213b6169cf65304a1318	HOLD	Florian MAILLARD	2026-09-06T22:53:34+02:00	Revue technique bornée : signal direct à examiner : contact
61816c6e23197bb34835228e	APPROVE	Florian MAILLARD	2026-09-06T22:53:34+02:00	Revue technique bornée : aucun signal direct dans les noms et échantillons inspectés
61892a26c94e39bde1dbf7ac	HOLD	Florian MAILLARD	2026-09-06T22:53:34+02:00	Revue technique bornée : signal direct à examiner : contact
618bbfa6adc9cbcdf94a1318	HOLD	Florian MAILLARD	2026-09-06T22:53:34+02:00	Revue technique bornée : signal direct à examiner : contact,phone
619c677ba67b35c0e95506cd	APPROVE	Florian MAILLARD	2026-09-06T22:53:34+02:00	Revue technique bornée : aucun signal direct dans les noms et échantillons inspectés
619f5f9c38e27e934733e60b	APPROVE	Florian MAILLARD	2026-09-06T22:53:34+02:00	Revue technique bornée : aucun signal direct dans les noms et échantillons inspectés
61a92b5148113b5780a01cfb	HOLD	Florian MAILLARD	2026-09-06T22:53:34+02:00	Revue technique bornée : signal direct à examiner : address,email
61aa0bd25c40b31e464ed799	APPROVE	Florian MAILLARD	2026-09-06T22:53:34+02:00	Revue technique bornée : aucun signal direct dans les noms et échantillons inspectés
61aa0bd2c564b431e34ed799	HOLD	Florian MAILLARD	2026-09-06T22:53:34+02:00	Revue technique bornée : signal direct à examiner : address,first_name
61b149402e4e55ff50993393	APPROVE	Florian MAILLARD	2026-09-06T22:53:34+02:00	Revue technique bornée : aucun signal direct dans les noms et échantillons inspectés
61b4226ca5919d3b718b8e9e	HOLD	Florian MAILLARD	2026-09-06T22:53:34+02:00	Revue technique bornée : signal direct à examiner : address,contact,email,first_name,phone
61c26ac39bd57502b58b8e9e	HOLD	Florian MAILLARD	2026-09-06T22:53:34+02:00	Revue technique bornée : signal direct à examiner : address,first_name,phone
61c9fdfa3f81d47b9db36bd9	HOLD	Florian MAILLARD	2026-09-06T22:53:34+02:00	Revue technique bornée : signal direct à examiner : health_id
61d5bd6fd8fa52f2c3c19243	APPROVE	Florian MAILLARD	2026-09-06T22:53:34+02:00	Revue technique bornée : aucun signal direct dans les noms et échantillons inspectés
61d5e2d372a52d9f9411ff88	APPROVE	Florian MAILLARD	2026-09-06T22:53:34+02:00	Revue technique bornée : aucun signal direct dans les noms et échantillons inspectés
61dc6f4a673f9b5ffe0c29c1	HOLD	Florian MAILLARD	2026-09-06T22:53:34+02:00	Revue technique bornée : signal direct à examiner : health_id
61dc7157488f8cdb4283e3c3	APPROVE	Florian MAILLARD	2026-09-07T09:57:37+02:00	Référentiel ouvert à la maille bâtiment publié par le CSTB; les adresses et contacts détectés décrivent les bâtiments ou la documentation; Licence Ouverte 2.0.
621df2954fa5a3b5a023e23c	APPROVE	Florian MAILLARD	2026-09-06T22:53:34+02:00	Revue technique bornée : aucun signal direct dans les noms et échantillons inspectés
62225f6a523b5729143b138c	HOLD	Florian MAILLARD	2026-09-06T22:53:34+02:00	Revue technique bornée : signal direct à examiner : address
62263311ca3d6516043e0c4d	APPROVE	Florian MAILLARD	2026-09-06T22:53:34+02:00	Revue technique bornée : aucun signal direct dans les noms et échantillons inspectés
62263314072c63d4d53e0c50	APPROVE	Florian MAILLARD	2026-09-06T22:53:34+02:00	Revue technique bornée : aucun signal direct dans les noms et échantillons inspectés
62269cde735b9c18e23e0c46	APPROVE	Florian MAILLARD	2026-09-06T22:53:34+02:00	Revue technique bornée : aucun signal direct dans les noms et échantillons inspectés
62355567868a58b8316723e3	APPROVE	Florian MAILLARD	2026-09-06T22:53:34+02:00	Revue technique bornée : aucun signal direct dans les noms et échantillons inspectés
623847761c49d72dda5a4359	APPROVE	Florian MAILLARD	2026-09-06T22:53:34+02:00	Revue technique bornée : aucun signal direct dans les noms et échantillons inspectés
623bb50e9e3590664a927462	HOLD	Florian MAILLARD	2026-09-06T22:53:34+02:00	Revue technique bornée : signal direct à examiner : address,first_name,phone
624527b28abc53a3f158ffdc	APPROVE	Florian MAILLARD	2026-09-06T22:53:34+02:00	Revue technique bornée : aucun signal direct dans les noms et échantillons inspectés
624794b748e3f6291558ffdc	APPROVE	Florian MAILLARD	2026-09-06T22:53:34+02:00	Revue technique bornée : aucun signal direct dans les noms et échantillons inspectés
624fdbbbf68a3666d6fe7af1	HOLD	Florian MAILLARD	2026-09-06T22:53:34+02:00	Revue technique bornée : signal direct à examiner : address,contact,email,phone
62673976b11acf20def11a3b	HOLD	Florian MAILLARD	2026-09-06T22:53:34+02:00	Revue technique bornée : signal direct à examiner : address,contact,email,phone
627a4f9afb5129f462e70b18	APPROVE	Florian MAILLARD	2026-09-06T22:53:34+02:00	Revue technique bornée : aucun signal direct dans les noms et échantillons inspectés
62846fba5de756c86f902161	HOLD	Florian MAILLARD	2026-09-06T22:53:34+02:00	Revue technique bornée : signal direct à examiner : address
6285e9adf8a6866bbd8bddb9	APPROVE	Florian MAILLARD	2026-09-06T22:53:34+02:00	Revue technique bornée : aucun signal direct dans les noms et échantillons inspectés
628da9fdef366eb8a2c7fd48	HOLD	Florian MAILLARD	2026-09-06T22:53:34+02:00	Revue technique bornée : signal direct à examiner : address,birth,first_name,phone
628e0500943ff94edb9275f9	APPROVE	Florian MAILLARD	2026-09-06T22:53:34+02:00	Revue technique bornée : aucun signal direct dans les noms et échantillons inspectés
62b31f7b128643f46ea1f848	APPROVE	Florian MAILLARD	2026-09-06T22:53:34+02:00	Revue technique bornée : aucun signal direct dans les noms et échantillons inspectés
62b31f7b2056861cb4a1f848	APPROVE	Florian MAILLARD	2026-09-06T22:53:34+02:00	Revue technique bornée : aucun signal direct dans les noms et échantillons inspectés
62b31f7b56938a09d9538362	APPROVE	Florian MAILLARD	2026-09-06T22:53:34+02:00	Revue technique bornée : aucun signal direct dans les noms et échantillons inspectés
62bb96cdaf45285ea1a1f848	HOLD	Florian MAILLARD	2026-09-06T22:53:34+02:00	Revue technique bornée : signal direct à examiner : phone
62bd63b70ff1edf452b83a6b	HOLD	Florian MAILLARD	2026-09-06T22:53:34+02:00	Revue technique bornée : signal direct à examiner : address,contact,email,phone
62c7daa168ebd3a2212821c5	HOLD	Florian MAILLARD	2026-09-06T22:53:34+02:00	Revue technique bornée : signal direct à examiner : address,contact,first_name,phone
62ccbac9905df8d44cf49333	APPROVE	Florian MAILLARD	2026-09-06T22:53:34+02:00	Revue technique bornée : aucun signal direct dans les noms et échantillons inspectés
62da21021d3f7025e69ef260	HOLD	Florian MAILLARD	2026-09-06T22:53:34+02:00	Revue technique bornée : signal direct à examiner : address
62dfe1518bcb48c2eb805b6d	EXCLUDE	Florian MAILLARD	2026-09-06T22:53:34+02:00	Revue technique bornée : aucun fichier local complet à diffuser
62e1fc65d2d57106c20505d1	HOLD	Florian MAILLARD	2026-09-06T22:53:34+02:00	Revue technique bornée : signal direct à examiner : contact
62ec429a7db5aa5196becad5	APPROVE	Florian MAILLARD	2026-09-06T22:53:34+02:00	Revue technique bornée : aucun signal direct dans les noms et échantillons inspectés
62f188a990e901ca4ff9b486	APPROVE	Florian MAILLARD	2026-09-06T22:53:34+02:00	Revue technique bornée : aucun signal direct dans les noms et échantillons inspectés
62f81f9782675d6f275b7a94	APPROVE	Florian MAILLARD	2026-09-06T22:53:34+02:00	Revue technique bornée : aucun signal direct dans les noms et échantillons inspectés
62f81f97d6c7c1703119322f	HOLD	Florian MAILLARD	2026-09-06T22:53:34+02:00	Revue technique bornée : signal direct à examiner : address
631751d1cf8ce1b8ed7ac644	APPROVE	Florian MAILLARD	2026-09-06T22:53:34+02:00	Revue technique bornée : aucun signal direct dans les noms et échantillons inspectés
6322e99e12175f7eb26ff465	HOLD	Florian MAILLARD	2026-09-06T22:53:34+02:00	Revue technique bornée : signal direct à examiner : address,email,phone
632b2a8a8bf5b436bed4f8df	APPROVE	Florian MAILLARD	2026-09-06T22:53:34+02:00	Revue technique bornée : aucun signal direct dans les noms et échantillons inspectés
633456de3d2706f38b296285	HOLD	Florian MAILLARD	2026-09-06T22:53:34+02:00	Revue technique bornée : signal direct à examiner : phone
63478da8b4c219a0cf8c0d3a	APPROVE	Florian MAILLARD	2026-09-06T22:53:34+02:00	Revue technique bornée : aucun signal direct dans les noms et échantillons inspectés
6349fab2bd7ea72afeeacfa4	HOLD	Florian MAILLARD	2026-09-06T22:53:34+02:00	Revue technique bornée : signal direct à examiner : address,first_name,phone
63587afb1cc488641390f68e	HOLD	Florian MAILLARD	2026-09-06T22:53:34+02:00	Revue technique bornée : signal direct à examiner : contact,phone
635a0251dc41dc073190f690	APPROVE	Florian MAILLARD	2026-09-06T22:53:34+02:00	Revue technique bornée : aucun signal direct dans les noms et échantillons inspectés
635a0252f931c40e6390f68f	APPROVE	Florian MAILLARD	2026-09-06T22:53:34+02:00	Revue technique bornée : aucun signal direct dans les noms et échantillons inspectés
637baca3c1db3fc89cdab1b4	HOLD	Florian MAILLARD	2026-09-06T22:53:34+02:00	Revue technique bornée : signal direct à examiner : contact
637c8ce96878725b7414e0c2	APPROVE	Florian MAILLARD	2026-09-06T22:53:34+02:00	Revue technique bornée : aucun signal direct dans les noms et échantillons inspectés
6380aad4474d0548142034d8	HOLD	Florian MAILLARD	2026-09-06T22:53:34+02:00	Revue technique bornée : signal direct à examiner : address
6392017edf7251532fda4bab	APPROVE	Florian MAILLARD	2026-09-06T22:53:34+02:00	Revue technique bornée : aucun signal direct dans les noms et échantillons inspectés
63a0368afe0e9c47c3bbde9d	APPROVE	Florian MAILLARD	2026-09-06T22:53:34+02:00	Revue technique bornée : aucun signal direct dans les noms et échantillons inspectés
63a4384a1b57813fbca80dc8	APPROVE	Florian MAILLARD	2026-09-06T22:53:34+02:00	Revue technique bornée : aucun signal direct dans les noms et échantillons inspectés
63a4384ab7505d95e39dde9a	APPROVE	Florian MAILLARD	2026-09-06T22:53:34+02:00	Revue technique bornée : aucun signal direct dans les noms et échantillons inspectés
63bce30c70d6d100b09dde9a	HOLD	Florian MAILLARD	2026-09-06T22:53:34+02:00	Revue technique bornée : signal direct à examiner : address
63ce580d323b6878eca82ae4	APPROVE	Florian MAILLARD	2026-09-06T22:53:34+02:00	Revue technique bornée : aucun signal direct dans les noms et échantillons inspectés
63d39bed60f4dd87a77f325b	HOLD	Florian MAILLARD	2026-09-06T22:53:34+02:00	Revue technique bornée : signal direct à examiner : address,contact,email,first_name
63f55b10c75df20987c98e1b	HOLD	Florian MAILLARD	2026-09-06T22:53:34+02:00	Revue technique bornée : signal direct à examiner : contact,phone
6405e3f2181d0f673cac60d7	APPROVE	Florian MAILLARD	2026-09-06T22:53:34+02:00	Revue technique bornée : aucun signal direct dans les noms et échantillons inspectés
64062266e9fd809db3246d1c	APPROVE	Florian MAILLARD	2026-09-06T22:53:34+02:00	Revue technique bornée : aucun signal direct dans les noms et échantillons inspectés
640924e6090056da2430406a	APPROVE	Florian MAILLARD	2026-09-06T22:53:34+02:00	Revue technique bornée : aucun signal direct dans les noms et échantillons inspectés
6417a853699eddff29014c0a	APPROVE	Florian MAILLARD	2026-09-06T22:53:34+02:00	Revue technique bornée : aucun signal direct dans les noms et échantillons inspectés
6425dda513316bf1ecaf7e4a	APPROVE	Florian MAILLARD	2026-09-06T22:53:34+02:00	Revue technique bornée : aucun signal direct dans les noms et échantillons inspectés
6425def83ddb5f9cfd9652b2	APPROVE	Florian MAILLARD	2026-09-06T22:53:34+02:00	Revue technique bornée : aucun signal direct dans les noms et échantillons inspectés
64265b673eb38d94e6538672	APPROVE	Florian MAILLARD	2026-09-06T22:53:34+02:00	Revue technique bornée : aucun signal direct dans les noms et échantillons inspectés
64377e959b978c3f19538672	APPROVE	Florian MAILLARD	2026-09-06T22:53:34+02:00	Revue technique bornée : aucun signal direct dans les noms et échantillons inspectés
6455d121686917088af10162	APPROVE	Florian MAILLARD	2026-09-06T22:53:34+02:00	Revue technique bornée : aucun signal direct dans les noms et échantillons inspectés
646491d18b36cfe7da2c4232	EXCLUDE	Florian MAILLARD	2026-09-06T22:53:34+02:00	Revue technique bornée : aucun fichier local complet à diffuser
6470b39cfbad66b8c265ada3	EXCLUDE	Florian MAILLARD	2026-09-06T22:53:34+02:00	Revue technique bornée : aucun fichier local complet à diffuser
648095c7842d021d1a5b380e	HOLD	Florian MAILLARD	2026-09-06T22:53:34+02:00	Revue technique bornée : signal direct à examiner : address,contact,phone
648096d1c0887c22a8495888	APPROVE	Florian MAILLARD	2026-09-06T22:53:34+02:00	Revue technique bornée : aucun signal direct dans les noms et échantillons inspectés
648096d32697b64f06b9186c	HOLD	Florian MAILLARD	2026-09-06T22:53:34+02:00	Revue technique bornée : signal direct à examiner : contact
64a3e3ab22a67ba76e06b1a6	HOLD	Florian MAILLARD	2026-09-06T22:53:34+02:00	Revue technique bornée : signal direct à examiner : phone
64ac9d008a3ef9d72912a193	APPROVE	Florian MAILLARD	2026-09-06T22:53:34+02:00	Revue technique bornée : aucun signal direct dans les noms et échantillons inspectés
64ac9d02e0951b41b712a193	APPROVE	Florian MAILLARD	2026-09-06T22:53:34+02:00	Revue technique bornée : aucun signal direct dans les noms et échantillons inspectés
64c062e06417adf6a69f7201	HOLD	Florian MAILLARD	2026-09-06T22:53:34+02:00	Revue technique bornée : signal direct à examiner : contact
64c062e0e1545c18019f7201	HOLD	Florian MAILLARD	2026-09-06T22:53:34+02:00	Revue technique bornée : signal direct à examiner : contact,email,phone
64d634d0a44bad3832e40886	HOLD	Florian MAILLARD	2026-09-06T22:53:34+02:00	Revue technique bornée : signal direct à examiner : address,contact,phone
64f7c309e0e88e0fcdae9bff	HOLD	Florian MAILLARD	2026-09-06T22:53:34+02:00	Revue technique bornée : signal direct à examiner : address,email,phone
64f8681944e2fc006a93e65b	HOLD	Florian MAILLARD	2026-09-06T22:53:34+02:00	Revue technique bornée : signal direct à examiner : partial_file_sample
6503d805d0fd3360f16e33b0	HOLD	Florian MAILLARD	2026-09-06T22:53:34+02:00	Revue technique bornée : signal direct à examiner : address,phone
650e0f1904eba4f82b1a49b1	APPROVE	Florian MAILLARD	2026-09-06T22:53:34+02:00	Revue technique bornée : aucun signal direct dans les noms et échantillons inspectés
652d04bd41b04e798e6a21e2	APPROVE	Florian MAILLARD	2026-09-06T22:53:34+02:00	Revue technique bornée : aucun signal direct dans les noms et échantillons inspectés
65548f606fe6f0a87fcf8ca1	HOLD	Florian MAILLARD	2026-09-06T22:53:34+02:00	Revue technique bornée : signal direct à examiner : email
6564969d3579e21795ebd378	HOLD	Florian MAILLARD	2026-09-06T22:53:34+02:00	Revue technique bornée : signal direct à examiner : address
656565de619420d81ca3e3dc	HOLD	Florian MAILLARD	2026-09-06T22:53:34+02:00	Revue technique bornée : signal direct à examiner : address,contact
6582f2d98b1e2e8d11554dcf	HOLD	Florian MAILLARD	2026-09-06T22:53:34+02:00	Revue technique bornée : signal direct à examiner : address,contact,first_name
6587efa36e80ab61d5792fdd	APPROVE	Florian MAILLARD	2026-09-06T22:53:34+02:00	Revue technique bornée : aucun signal direct dans les noms et échantillons inspectés
659d7da1a28b115513e756ff	APPROVE	Florian MAILLARD	2026-09-06T22:53:34+02:00	Revue technique bornée : aucun signal direct dans les noms et échantillons inspectés
65a6c0fba8b46aea409ce9ee	APPROVE	Florian MAILLARD	2026-09-06T22:53:34+02:00	Revue technique bornée : aucun signal direct dans les noms et échantillons inspectés
65af92d12d38ceffacb04812	HOLD	Florian MAILLARD	2026-09-06T22:53:34+02:00	Revue technique bornée : signal direct à examiner : contact
65c0e835c48bd8b0e5db9076	HOLD	Florian MAILLARD	2026-09-06T22:53:34+02:00	Revue technique bornée : signal direct à examiner : address
65c4f98979eb66d71c1484bc	APPROVE	Florian MAILLARD	2026-09-06T22:53:34+02:00	Revue technique bornée : aucun signal direct dans les noms et échantillons inspectés
65e2979e41fa6389c8eb5b57	HOLD	Florian MAILLARD	2026-09-06T22:53:34+02:00	Revue technique bornée : signal direct à examiner : contact
65f1185f3e0e630d9f924b51	HOLD	Florian MAILLARD	2026-09-06T22:53:34+02:00	Revue technique bornée : signal direct à examiner : contact
65f1185fbb16ea436d7ba548	HOLD	Florian MAILLARD	2026-09-06T22:53:34+02:00	Revue technique bornée : signal direct à examiner : contact
65f1185fd7321d8e647ba548	HOLD	Florian MAILLARD	2026-09-06T22:53:34+02:00	Revue technique bornée : signal direct à examiner : contact
65f118613e0e630d9f924b52	HOLD	Florian MAILLARD	2026-09-06T22:53:34+02:00	Revue technique bornée : signal direct à examiner : contact
65f125f4f1d232d84e924b51	APPROVE	Florian MAILLARD	2026-09-06T22:53:34+02:00	Revue technique bornée : aucun signal direct dans les noms et échantillons inspectés
65f4e1142b6f0e75cc7cd1aa	HOLD	Florian MAILLARD	2026-09-06T22:53:34+02:00	Revue technique bornée : signal direct à examiner : address,contact,phone
65f96d3d30c8e128529264a2	HOLD	Florian MAILLARD	2026-09-06T22:53:34+02:00	Revue technique bornée : signal direct à examiner : address,phone
66063d22592637d8f57263d5	HOLD	Florian MAILLARD	2026-09-06T22:53:34+02:00	Revue technique bornée : signal direct à examiner : address,contact,first_name,phone
660bf8c3b504b24a6b00c533	HOLD	Florian MAILLARD	2026-09-06T22:53:34+02:00	Revue technique bornée : signal direct à examiner : contact,phone
662156e6b5a7116d9e79100e	EXCLUDE	Florian MAILLARD	2026-09-06T22:53:34+02:00	Revue technique bornée : aucun fichier local complet à diffuser
662a5e2cd71b24df5e9a0827	APPROVE	Florian MAILLARD	2026-09-07T09:57:37+02:00	Arrêtés préfectoraux, restrictions et zonages publiés pour l'information du public; source ministérielle et Licence Ouverte 2.0.
6641c562e5acdb35c0e6051d	APPROVE	Florian MAILLARD	2026-09-07T09:57:37+02:00	Cartographies raster et vectorielles de zones climatiques; les contacts détectés figurent dans les notices Cerema; aucun individu décrit; Licence Ouverte 2.0.
664337d4629c4313dc94b104	APPROVE	Florian MAILLARD	2026-09-06T22:53:34+02:00	Revue technique bornée : aucun signal direct dans les noms et échantillons inspectés
664723eb8ecd21c19bbfd060	APPROVE	Florian MAILLARD	2026-09-06T22:53:34+02:00	Revue technique bornée : aucun signal direct dans les noms et échantillons inspectés
66512b67b8c9abb821e5a98b	APPROVE	Florian MAILLARD	2026-09-06T22:53:34+02:00	Revue technique bornée : aucun signal direct dans les noms et échantillons inspectés
66512be37d2d55cbd2e5a98b	APPROVE	Florian MAILLARD	2026-09-06T22:53:34+02:00	Revue technique bornée : aucun signal direct dans les noms et échantillons inspectés
6657c57abbefc8869c7c6364	HOLD	Florian MAILLARD	2026-09-06T22:53:34+02:00	Revue technique bornée : signal direct à examiner : partial_file_sample
665fabcc97cb6fb80b9fc8f3	APPROVE	Florian MAILLARD	2026-09-06T22:53:34+02:00	Revue technique bornée : aucun signal direct dans les noms et échantillons inspectés
66601a4032498dd005f23baa	HOLD	Florian MAILLARD	2026-09-06T22:53:34+02:00	Revue technique bornée : signal direct à examiner : email
666035811a4c33c43140ddcf	APPROVE	Florian MAILLARD	2026-09-06T22:53:34+02:00	Revue technique bornée : aucun signal direct dans les noms et échantillons inspectés
6663267b7683aed116fd0f8d	HOLD	Florian MAILLARD	2026-09-06T22:53:34+02:00	Revue technique bornée : signal direct à examiner : address,contact,email,phone
6663267c7683aed116fd0f8e	HOLD	Florian MAILLARD	2026-09-06T22:53:34+02:00	Revue technique bornée : signal direct à examiner : contact
666326827683aed116fd0f99	HOLD	Florian MAILLARD	2026-09-06T22:53:34+02:00	Revue technique bornée : signal direct à examiner : address,contact,email,phone
666326ac7683aed116fd0fcc	HOLD	Florian MAILLARD	2026-09-06T22:53:34+02:00	Revue technique bornée : signal direct à examiner : contact
666326c57683aed116fd0fe7	HOLD	Florian MAILLARD	2026-09-06T22:53:34+02:00	Revue technique bornée : signal direct à examiner : address,contact,email,phone
666326cd7683aed116fd0ff3	HOLD	Florian MAILLARD	2026-09-06T22:53:34+02:00	Revue technique bornée : signal direct à examiner : contact,email
666326fa7683aed116fd101b	HOLD	Florian MAILLARD	2026-09-06T22:53:34+02:00	Revue technique bornée : signal direct à examiner : contact
666327037683aed116fd1025	HOLD	Florian MAILLARD	2026-09-06T22:53:34+02:00	Revue technique bornée : signal direct à examiner : contact
666327267683aed116fd1044	HOLD	Florian MAILLARD	2026-09-06T22:53:34+02:00	Revue technique bornée : signal direct à examiner : contact
666327277683aed116fd1045	HOLD	Florian MAILLARD	2026-09-06T22:53:34+02:00	Revue technique bornée : signal direct à examiner : address,contact,email,phone
6663272b7683aed116fd104b	HOLD	Florian MAILLARD	2026-09-06T22:53:34+02:00	Revue technique bornée : signal direct à examiner : address,contact,email,phone
6663272d7683aed116fd104d	HOLD	Florian MAILLARD	2026-09-06T22:53:34+02:00	Revue technique bornée : signal direct à examiner : address,contact,email,phone
666327357683aed116fd1055	HOLD	Florian MAILLARD	2026-09-06T22:53:34+02:00	Revue technique bornée : signal direct à examiner : address,contact,email,phone
666327457683aed116fd1065	HOLD	Florian MAILLARD	2026-09-06T22:53:34+02:00	Revue technique bornée : signal direct à examiner : contact
6663274a7683aed116fd1068	HOLD	Florian MAILLARD	2026-09-06T22:53:34+02:00	Revue technique bornée : signal direct à examiner : address,contact,email,phone
6663274f7683aed116fd106d	HOLD	Florian MAILLARD	2026-09-06T22:53:34+02:00	Revue technique bornée : signal direct à examiner : contact,email,phone
666327577683aed116fd1074	HOLD	Florian MAILLARD	2026-09-06T22:53:34+02:00	Revue technique bornée : signal direct à examiner : address,contact,email,phone
666327637683aed116fd107c	HOLD	Florian MAILLARD	2026-09-06T22:53:34+02:00	Revue technique bornée : signal direct à examiner : address,contact,email,phone
6667bdd97c40509c4608910e	HOLD	Florian MAILLARD	2026-09-06T22:53:34+02:00	Revue technique bornée : signal direct à examiner : email
66685855500cccd9a708910e	APPROVE	Florian MAILLARD	2026-09-06T22:53:34+02:00	Revue technique bornée : aucun signal direct dans les noms et échantillons inspectés
666cdab72f594c83c2c4be20	APPROVE	Florian MAILLARD	2026-09-06T22:53:34+02:00	Revue technique bornée : aucun signal direct dans les noms et échantillons inspectés
6676141f20b34935aec4be13	HOLD	Florian MAILLARD	2026-09-06T22:53:34+02:00	Revue technique bornée : signal direct à examiner : address,phone
667e955551fb8c370827f640	HOLD	Florian MAILLARD	2026-09-06T22:53:34+02:00	Revue technique bornée : signal direct à examiner : contact,email,phone
667e96ef2d363cacb3215cf1	HOLD	Florian MAILLARD	2026-09-06T22:53:34+02:00	Revue technique bornée : signal direct à examiner : contact,email,phone
667e99996fa1a91d798e010d	HOLD	Florian MAILLARD	2026-09-06T22:53:34+02:00	Revue technique bornée : signal direct à examiner : contact,email,phone
667e99a23842e1affb99dad9	HOLD	Florian MAILLARD	2026-09-06T22:53:34+02:00	Revue technique bornée : signal direct à examiner : contact,email,phone
667e99aac9dd523ba0500c47	HOLD	Florian MAILLARD	2026-09-06T22:53:34+02:00	Revue technique bornée : signal direct à examiner : contact,email,phone
667ebdd4547ab9bd6e4682d3	HOLD	Florian MAILLARD	2026-09-06T22:53:34+02:00	Revue technique bornée : signal direct à examiner : address,first_name
668d09f8a847603d391cbec0	APPROVE	Florian MAILLARD	2026-09-06T22:53:34+02:00	Revue technique bornée : aucun signal direct dans les noms et échantillons inspectés
668d09f9a847603d391cbec1	APPROVE	Florian MAILLARD	2026-09-06T22:53:34+02:00	Revue technique bornée : aucun signal direct dans les noms et échantillons inspectés
668d09ffa847603d391cbec9	APPROVE	Florian MAILLARD	2026-09-06T22:53:34+02:00	Revue technique bornée : aucun signal direct dans les noms et échantillons inspectés
668d0a12a847603d391cbee4	APPROVE	Florian MAILLARD	2026-09-06T22:53:34+02:00	Revue technique bornée : aucun signal direct dans les noms et échantillons inspectés
668d0a20a847603d391cbef6	APPROVE	Florian MAILLARD	2026-09-06T22:53:34+02:00	Revue technique bornée : aucun signal direct dans les noms et échantillons inspectés
668d0a25a847603d391cbefe	HOLD	Florian MAILLARD	2026-09-06T22:53:34+02:00	Revue technique bornée : signal direct à examiner : address
6691c64f49511eee990f7fab	APPROVE	Florian MAILLARD	2026-09-06T22:53:34+02:00	Revue technique bornée : aucun signal direct dans les noms et échantillons inspectés
6691c65049511eee990f7fac	APPROVE	Florian MAILLARD	2026-09-06T22:53:34+02:00	Revue technique bornée : aucun signal direct dans les noms et échantillons inspectés
66a01380616b7eda72530d6c	APPROVE	Florian MAILLARD	2026-09-06T22:53:34+02:00	Revue technique bornée : aucun signal direct dans les noms et échantillons inspectés
66b46872bfde2f73aa2d08c8	HOLD	Florian MAILLARD	2026-09-06T22:53:34+02:00	Revue technique bornée : signal direct à examiner : address
66b4d421adbdd5c7e416a17d	APPROVE	Florian MAILLARD	2026-09-06T22:53:34+02:00	Revue technique bornée : aucun signal direct dans les noms et échantillons inspectés
66b603ff237271726d4acbfc	APPROVE	Florian MAILLARD	2026-09-06T22:53:34+02:00	Revue technique bornée : aucun signal direct dans les noms et échantillons inspectés
66b61a7f16dfaaad95030fbc	APPROVE	Florian MAILLARD	2026-09-06T22:53:34+02:00	Revue technique bornée : aucun signal direct dans les noms et échantillons inspectés
66ba1325a3674318d42cae5c	HOLD	Florian MAILLARD	2026-09-06T22:53:34+02:00	Revue technique bornée : signal direct à examiner : address,contact,email,phone
66c2ff224ea0a9d2ba6a62bf	HOLD	Florian MAILLARD	2026-09-06T22:53:34+02:00	Revue technique bornée : signal direct à examiner : contact,phone
66cfba6d347bd9f74b227704	HOLD	Florian MAILLARD	2026-09-06T22:53:34+02:00	Revue technique bornée : signal direct à examiner : address,contact
66d1ac0abfa15762753d8355	HOLD	Florian MAILLARD	2026-09-06T22:53:34+02:00	Revue technique bornée : signal direct à examiner : partial_file_sample
66e22fbf107665e8dd227719	APPROVE	Florian MAILLARD	2026-09-06T22:53:34+02:00	Revue technique bornée : aucun signal direct dans les noms et échantillons inspectés
66e380b07889d3b365709383	HOLD	Florian MAILLARD	2026-09-06T22:53:34+02:00	Revue technique bornée : signal direct à examiner : contact,phone
66fd2924ca43b044d55a7b74	HOLD	Florian MAILLARD	2026-09-06T22:53:34+02:00	Revue technique bornée : producteur absent; attribution à résoudre
66fde00a0d497789e7436d9f	HOLD	Florian MAILLARD	2026-09-06T22:53:34+02:00	Revue technique bornée : signal direct à examiner : address,contact,email,first_name,phone
66fe9472af71f0a023d50128	HOLD	Florian MAILLARD	2026-09-06T22:53:34+02:00	Revue technique bornée : signal direct à examiner : address,contact,phone
6707515c84dfa4012c3ecd45	APPROVE	Florian MAILLARD	2026-09-06T22:53:34+02:00	Revue technique bornée : aucun signal direct dans les noms et échantillons inspectés
6721f27db121da225bd2badf	APPROVE	Florian MAILLARD	2026-09-06T22:53:34+02:00	Revue technique bornée : aucun signal direct dans les noms et échantillons inspectés
67289477639527408ae687da	HOLD	Florian MAILLARD	2026-09-06T22:53:34+02:00	Revue technique bornée : producteur absent; attribution à résoudre
6728a7c30b67384ce0aa33f6	HOLD	Florian MAILLARD	2026-09-06T22:53:34+02:00	Revue technique bornée : signal direct à examiner : contact,phone
6729ed3a87591d8ff72ab95c	HOLD	Florian MAILLARD	2026-09-06T22:53:34+02:00	Revue technique bornée : signal direct à examiner : address
673319c4104ba60b2030ed4d	HOLD	Florian MAILLARD	2026-09-06T22:53:34+02:00	Revue technique bornée : signal direct à examiner : partial_file_sample
67373dca8cf405ef3cc253fc	HOLD	Florian MAILLARD	2026-09-06T22:53:34+02:00	Revue technique bornée : signal direct à examiner : contact,phone
67373edeec00afe5cdc40c12	HOLD	Florian MAILLARD	2026-09-06T22:53:34+02:00	Revue technique bornée : signal direct à examiner : address,contact
673773cd1881e8d970c2538a	HOLD	Florian MAILLARD	2026-09-06T22:53:34+02:00	Revue technique bornée : signal direct à examiner : contact,phone
67377840871a62e16cc40aa5	HOLD	Florian MAILLARD	2026-09-06T22:53:34+02:00	Revue technique bornée : signal direct à examiner : contact,phone
673779e6871a62e16cc40c12	HOLD	Florian MAILLARD	2026-09-06T22:53:34+02:00	Revue technique bornée : signal direct à examiner : contact,phone
673818ebc1f7a9921ac40aaa	HOLD	Florian MAILLARD	2026-09-06T22:53:34+02:00	Revue technique bornée : signal direct à examiner : contact,phone
67381958c1f7a9921ac40ad7	HOLD	Florian MAILLARD	2026-09-06T22:53:34+02:00	Revue technique bornée : signal direct à examiner : contact,phone
6738195ac1f7a9921ac40adc	HOLD	Florian MAILLARD	2026-09-06T22:53:34+02:00	Revue technique bornée : signal direct à examiner : contact,phone
67381993c1f7a9921ac40aed	HOLD	Florian MAILLARD	2026-09-06T22:53:34+02:00	Revue technique bornée : signal direct à examiner : contact,phone
673a5e40a8c1a16ff52d9958	APPROVE	Florian MAILLARD	2026-09-06T22:53:34+02:00	Revue technique bornée : aucun signal direct dans les noms et échantillons inspectés
673eb2de4c91caa2357733c9	HOLD	Florian MAILLARD	2026-09-06T22:53:34+02:00	Revue technique bornée : signal direct à examiner : address,contact,phone
674547cc5cc63ed8987733ca	APPROVE	Florian MAILLARD	2026-09-06T22:53:34+02:00	Revue technique bornée : aucun signal direct dans les noms et échantillons inspectés
674661f98731a4f47077341f	HOLD	Florian MAILLARD	2026-09-06T22:53:34+02:00	Revue technique bornée : signal direct à examiner : contact,phone
674a8e5d9d1a19af3a9636bb	HOLD	Florian MAILLARD	2026-09-06T22:53:34+02:00	Revue technique bornée : signal direct à examiner : address,contact,health_id
6763da0a8e03c6a65efb4a70	HOLD	Florian MAILLARD	2026-09-06T22:53:34+02:00	Revue technique bornée : signal direct à examiner : address,contact,email,phone
678090e0f574dd6af0133b6d	HOLD	Florian MAILLARD	2026-09-06T22:53:34+02:00	Revue technique bornée : signal direct à examiner : contact,phone
678696dfc84aa624432ce778	HOLD	Florian MAILLARD	2026-09-06T22:53:34+02:00	Revue technique bornée : signal direct à examiner : contact
67a3a1f4bb51187206427bdd	HOLD	Florian MAILLARD	2026-09-06T22:53:34+02:00	Revue technique bornée : signal direct à examiner : address,contact,email,first_name,phone
67a5cd40941cbe4c206efcd1	HOLD	Florian MAILLARD	2026-09-06T22:53:34+02:00	Revue technique bornée : signal direct à examiner : address,first_name
67c028ea079dafeb2b5ea8ca	APPROVE	Florian MAILLARD	2026-09-06T22:53:34+02:00	Revue technique bornée : aucun signal direct dans les noms et échantillons inspectés
67cad6ce691ec92263232aa0	APPROVE	Florian MAILLARD	2026-09-06T22:53:34+02:00	Revue technique bornée : aucun signal direct dans les noms et échantillons inspectés
67cad6eaf4bd7e3f3d82ff9e	APPROVE	Florian MAILLARD	2026-09-06T22:53:34+02:00	Revue technique bornée : aucun signal direct dans les noms et échantillons inspectés
67cad6ecc2056d7da376fa3d	APPROVE	Florian MAILLARD	2026-09-06T22:53:34+02:00	Revue technique bornée : aucun signal direct dans les noms et échantillons inspectés
67cad6ef9c8ad4fe75b8b7de	APPROVE	Florian MAILLARD	2026-09-06T22:53:34+02:00	Revue technique bornée : aucun signal direct dans les noms et échantillons inspectés
67cad6f0f4bd7e3f3d82ffa0	APPROVE	Florian MAILLARD	2026-09-06T22:53:34+02:00	Revue technique bornée : aucun signal direct dans les noms et échantillons inspectés
67cad6f2b6a4268a4beba33a	APPROVE	Florian MAILLARD	2026-09-06T22:53:34+02:00	Revue technique bornée : aucun signal direct dans les noms et échantillons inspectés
67d8f02e4d7033a78a52ce3d	APPROVE	Florian MAILLARD	2026-09-06T22:53:34+02:00	Revue technique bornée : aucun signal direct dans les noms et échantillons inspectés
67dde5bb8b979e2f5c9d869d	HOLD	Florian MAILLARD	2026-09-06T22:53:34+02:00	Revue technique bornée : signal direct à examiner : address,contact,email,phone
67e34383efc54deb6b388ba6	HOLD	Florian MAILLARD	2026-09-06T22:53:34+02:00	Revue technique bornée : signal direct à examiner : address
67e34385efc54deb6b388baa	EXCLUDE	Florian MAILLARD	2026-09-06T22:53:34+02:00	Revue technique bornée : aucun fichier local complet à diffuser
67e34386efc54deb6b388bab	EXCLUDE	Florian MAILLARD	2026-09-06T22:53:34+02:00	Revue technique bornée : aucun fichier local complet à diffuser
67e34386efc54deb6b388bac	APPROVE	Florian MAILLARD	2026-09-06T22:53:34+02:00	Revue technique bornée : aucun signal direct dans les noms et échantillons inspectés
67f5bb0403325228295b7e85	APPROVE	Florian MAILLARD	2026-09-06T22:53:34+02:00	Revue technique bornée : aucun signal direct dans les noms et échantillons inspectés
67f79b112ceb5b1df4c25a8b	HOLD	Florian MAILLARD	2026-09-06T22:53:34+02:00	Revue technique bornée : producteur absent; attribution à résoudre
67f7e557cb268460ce66c8d4	HOLD	Florian MAILLARD	2026-09-06T22:53:34+02:00	Revue technique bornée : signal direct à examiner : address,contact,email,phone
67f7e5758ffc5d79ab9e8c27	HOLD	Florian MAILLARD	2026-09-06T22:53:34+02:00	Revue technique bornée : signal direct à examiner : address,contact,email,phone
67f85d13377ef83a019ac73f	HOLD	Florian MAILLARD	2026-09-06T22:53:34+02:00	Revue technique bornée : signal direct à examiner : address,phone
67f85d14377ef83a019ac740	APPROVE	Florian MAILLARD	2026-09-06T22:53:34+02:00	Revue technique bornée : aucun signal direct dans les noms et échantillons inspectés
67f8c966c92603a7a776f4f1	HOLD	Florian MAILLARD	2026-09-06T22:53:34+02:00	Revue technique bornée : producteur absent; attribution à résoudre
67fa2463bb6c4cc70a4455be	APPROVE	Florian MAILLARD	2026-09-06T22:53:34+02:00	Revue technique bornée : aucun signal direct dans les noms et échantillons inspectés
67fde2999ab3bd79d09ac72f	HOLD	Florian MAILLARD	2026-09-06T22:53:34+02:00	Revue technique bornée : signal direct à examiner : contact,phone
67fe0fe2423db9c4a05d8ced	APPROVE	Florian MAILLARD	2026-09-07T09:57:37+02:00	Indicateurs Insee de population et d'accès aux équipements agrégés au carreau de 200 mètres; attribution prescrite conservée; Licence Ouverte 2.0.
6801979693473505d4622e18	HOLD	Florian MAILLARD	2026-09-06T22:53:34+02:00	Revue technique bornée : signal direct à examiner : contact
680197a093473505d4622e1b	APPROVE	Florian MAILLARD	2026-09-06T22:53:34+02:00	Revue technique bornée : aucun signal direct dans les noms et échantillons inspectés
680197aa93473505d4622e1e	HOLD	Florian MAILLARD	2026-09-06T22:53:34+02:00	Revue technique bornée : signal direct à examiner : address,contact,email,phone
680197c493473505d4622e2a	HOLD	Florian MAILLARD	2026-09-06T22:53:34+02:00	Revue technique bornée : signal direct à examiner : address,contact,email,phone
680197ed93473505d4622e3a	HOLD	Florian MAILLARD	2026-09-06T22:53:34+02:00	Revue technique bornée : signal direct à examiner : address,contact,email,phone
680197ff93473505d4622e41	HOLD	Florian MAILLARD	2026-09-06T22:53:34+02:00	Revue technique bornée : signal direct à examiner : address,contact,email,phone
6801980593473505d4622e43	HOLD	Florian MAILLARD	2026-09-06T22:53:34+02:00	Revue technique bornée : signal direct à examiner : address,contact,email,phone
6801981193473505d4622e48	HOLD	Florian MAILLARD	2026-09-06T22:53:34+02:00	Revue technique bornée : signal direct à examiner : address,contact,email,phone
6801982793473505d4622e4b	HOLD	Florian MAILLARD	2026-09-06T22:53:34+02:00	Revue technique bornée : signal direct à examiner : address,contact,email,phone
68082f308080d9dd71622e35	APPROVE	Florian MAILLARD	2026-09-06T22:53:34+02:00	Revue technique bornée : aucun signal direct dans les noms et échantillons inspectés
681017096ef14106359e6b68	HOLD	Florian MAILLARD	2026-09-06T22:53:34+02:00	Revue technique bornée : signal direct à examiner : address,contact,email,phone
6816fb7bdcf30d7430622e26	HOLD	Florian MAILLARD	2026-09-06T22:53:34+02:00	Revue technique bornée : signal direct à examiner : contact,phone
6818dd1971517f1a7debf646	HOLD	Florian MAILLARD	2026-09-06T22:53:34+02:00	Revue technique bornée : signal direct à examiner : address,contact,email,phone
68195347116615dea69463f1	APPROVE	Florian MAILLARD	2026-09-06T22:53:34+02:00	Revue technique bornée : aucun signal direct dans les noms et échantillons inspectés
681adb7c1db9b5fc2f4fd5cb	HOLD	Florian MAILLARD	2026-09-06T22:53:34+02:00	Revue technique bornée : signal direct à examiner : address
6826a519165bacf9146c1037	HOLD	Florian MAILLARD	2026-09-06T22:53:34+02:00	Revue technique bornée : signal direct à examiner : contact,phone
682edf34db1c1f1909848cd9	HOLD	Florian MAILLARD	2026-09-06T22:53:34+02:00	Revue technique bornée : signal direct à examiner : address,contact,email,phone
68309fcb36ea9a6ee45f9cf4	APPROVE	Florian MAILLARD	2026-09-06T22:53:34+02:00	Revue technique bornée : aucun signal direct dans les noms et échantillons inspectés
6830a0bdcbad82b7876585bd	HOLD	Florian MAILLARD	2026-09-06T22:53:34+02:00	Revue technique bornée : signal direct à examiner : address,contact,phone
6835e1edb63a9d35e7858984	HOLD	Florian MAILLARD	2026-09-06T22:53:34+02:00	Revue technique bornée : signal direct à examiner : contact,phone
683f8d1955cba033dc2f176f	APPROVE	Florian MAILLARD	2026-09-06T22:53:34+02:00	Revue technique bornée : aucun signal direct dans les noms et échantillons inspectés
683f8d4555cba033dc2f1785	APPROVE	Florian MAILLARD	2026-09-06T22:53:34+02:00	Revue technique bornée : aucun signal direct dans les noms et échantillons inspectés
683f8d5f55cba033dc2f1795	HOLD	Florian MAILLARD	2026-09-06T22:53:34+02:00	Revue technique bornée : signal direct à examiner : contact,email,phone
683f8e739bf2fdce342f1774	APPROVE	Florian MAILLARD	2026-09-06T22:53:34+02:00	Revue technique bornée : aucun signal direct dans les noms et échantillons inspectés
683f8e739bf2fdce342f1775	APPROVE	Florian MAILLARD	2026-09-06T22:53:34+02:00	Revue technique bornée : aucun signal direct dans les noms et échantillons inspectés
683f8e749bf2fdce342f1777	APPROVE	Florian MAILLARD	2026-09-06T22:53:34+02:00	Revue technique bornée : aucun signal direct dans les noms et échantillons inspectés
684004152f9592aab088e146	EXCLUDE	Florian MAILLARD	2026-09-06T22:53:34+02:00	Revue technique bornée : aucun fichier local complet à diffuser
684004182f9592aab088e150	HOLD	Florian MAILLARD	2026-09-06T22:53:34+02:00	Revue technique bornée : signal direct à examiner : address,contact,phone
6840041a2f9592aab088e156	HOLD	Florian MAILLARD	2026-09-06T22:53:34+02:00	Revue technique bornée : signal direct à examiner : address,contact,phone
6840041b2f9592aab088e15a	HOLD	Florian MAILLARD	2026-09-06T22:53:34+02:00	Revue technique bornée : signal direct à examiner : address,contact,phone
6840041c2f9592aab088e15b	HOLD	Florian MAILLARD	2026-09-06T22:53:34+02:00	Revue technique bornée : signal direct à examiner : address,contact,phone
684004232f9592aab088e170	HOLD	Florian MAILLARD	2026-09-06T22:53:34+02:00	Revue technique bornée : signal direct à examiner : address,contact,phone
684004242f9592aab088e173	HOLD	Florian MAILLARD	2026-09-06T22:53:34+02:00	Revue technique bornée : signal direct à examiner : address,contact,phone
684004282f9592aab088e17e	HOLD	Florian MAILLARD	2026-09-06T22:53:34+02:00	Revue technique bornée : signal direct à examiner : address,contact,phone
68499185bdb47a49e2b67581	APPROVE	Florian MAILLARD	2026-09-07T09:57:37+02:00	Parcelles agricoles explicitement publiées comme anonymisées par l'Agence Bio; schéma sans exploitant physique ou moral; Licence Ouverte 2.0.
684a50e9bd2710cecf52b638	EXCLUDE	Florian MAILLARD	2026-09-06T22:53:34+02:00	Revue technique bornée : aucun fichier local complet à diffuser
684be69c7dd2fdcc07ae0149	HOLD	Florian MAILLARD	2026-09-06T22:53:34+02:00	Revue technique bornée : signal direct à examiner : contact
684be6a57dd2fdcc07ae0157	HOLD	Florian MAILLARD	2026-09-06T22:53:34+02:00	Revue technique bornée : signal direct à examiner : contact
684be6f67dd2fdcc07ae01e7	HOLD	Florian MAILLARD	2026-09-06T22:53:34+02:00	Revue technique bornée : signal direct à examiner : contact
684be7647dd2fdcc07ae028b	HOLD	Florian MAILLARD	2026-09-06T22:53:34+02:00	Revue technique bornée : signal direct à examiner : contact
684fe469b7b33d836a115539	APPROVE	Florian MAILLARD	2026-09-06T22:53:34+02:00	Revue technique bornée : aucun signal direct dans les noms et échantillons inspectés
684ff3752b3791ece29b3d26	APPROVE	Florian MAILLARD	2026-09-06T22:53:34+02:00	Revue technique bornée : aucun signal direct dans les noms et échantillons inspectés
6850eeedaf1ad5618052b664	HOLD	Florian MAILLARD	2026-09-06T22:53:34+02:00	Revue technique bornée : signal direct à examiner : contact,phone
68539efb85493296b78b2902	APPROVE	Florian MAILLARD	2026-09-06T22:53:34+02:00	Revue technique bornée : aucun signal direct dans les noms et échantillons inspectés
6853d325ca48a5f38f419f17	APPROVE	Florian MAILLARD	2026-09-06T22:53:34+02:00	Revue technique bornée : aucun signal direct dans les noms et échantillons inspectés
6856c1cabfa938660452b645	HOLD	Florian MAILLARD	2026-09-06T22:53:34+02:00	Revue technique bornée : signal direct à examiner : address,contact
685965d0ab901919e14a4a1b	HOLD	Florian MAILLARD	2026-09-06T22:53:34+02:00	Revue technique bornée : signal direct à examiner : address,contact,phone
6859c780b3bad4fe6445a50e	HOLD	Florian MAILLARD	2026-09-06T22:53:34+02:00	Revue technique bornée : signal direct à examiner : address,contact,phone
685ab87ea35cf447867fd96a	APPROVE	Florian MAILLARD	2026-09-06T22:53:34+02:00	Revue technique bornée : aucun signal direct dans les noms et échantillons inspectés
685d96230b33ade4e2634257	APPROVE	Florian MAILLARD	2026-09-06T22:53:34+02:00	Revue technique bornée : aucun signal direct dans les noms et échantillons inspectés
685d96280b33ade4e2634260	HOLD	Florian MAILLARD	2026-09-06T22:53:34+02:00	Revue technique bornée : signal direct à examiner : address
685d96290b33ade4e2634262	APPROVE	Florian MAILLARD	2026-09-06T22:53:34+02:00	Revue technique bornée : aucun signal direct dans les noms et échantillons inspectés
685e46377957c0d85f384bc1	HOLD	Florian MAILLARD	2026-09-06T22:53:34+02:00	Revue technique bornée : signal direct à examiner : address,email,first_name,phone
686251b7b6576ee57df6129f	APPROVE	Florian MAILLARD	2026-09-06T22:53:34+02:00	Revue technique bornée : aucun signal direct dans les noms et échantillons inspectés
6863a7be3492920481cfef43	HOLD	Florian MAILLARD	2026-09-06T22:53:34+02:00	Revue technique bornée : signal direct à examiner : contact
6863a7dc3492920481cfef53	HOLD	Florian MAILLARD	2026-09-06T22:53:34+02:00	Revue technique bornée : signal direct à examiner : contact
6863a8733492920481cfefa3	HOLD	Florian MAILLARD	2026-09-06T22:53:34+02:00	Revue technique bornée : signal direct à examiner : contact
6863a8863492920481cfefaa	HOLD	Florian MAILLARD	2026-09-06T22:53:34+02:00	Revue technique bornée : signal direct à examiner : contact
6867a571c3b49b0c33f2fa73	APPROVE	Florian MAILLARD	2026-09-06T22:53:34+02:00	Revue technique bornée : aucun signal direct dans les noms et échantillons inspectés
687ae011ddfd9c43eb553747	APPROVE	Florian MAILLARD	2026-09-06T22:53:34+02:00	Revue technique bornée : aucun signal direct dans les noms et échantillons inspectés
687b26975476a29aabff1389	HOLD	Florian MAILLARD	2026-09-06T22:53:34+02:00	Revue technique bornée : signal direct à examiner : contact,phone
6881dd8f1b98d332a72cbfb1	HOLD	Florian MAILLARD	2026-09-06T22:53:34+02:00	Revue technique bornée : signal direct à examiner : contact,email,phone
6881dda16713843e52a08c07	HOLD	Florian MAILLARD	2026-09-06T22:53:34+02:00	Revue technique bornée : signal direct à examiner : contact,email,phone
6881ddb0f0744368d0818da6	HOLD	Florian MAILLARD	2026-09-06T22:53:34+02:00	Revue technique bornée : signal direct à examiner : contact,email,phone
6881ddbfcb27381d10700f71	HOLD	Florian MAILLARD	2026-09-06T22:53:34+02:00	Revue technique bornée : signal direct à examiner : contact,email,phone
6881ddcf5007d087eddf4401	HOLD	Florian MAILLARD	2026-09-06T22:53:34+02:00	Revue technique bornée : signal direct à examiner : contact,email,phone
6881dde3c144ee824f457f53	HOLD	Florian MAILLARD	2026-09-06T22:53:34+02:00	Revue technique bornée : signal direct à examiner : contact,email,phone
688201cd45ea9d6bf4921b95	HOLD	Florian MAILLARD	2026-09-06T22:53:34+02:00	Revue technique bornée : signal direct à examiner : address,contact,phone
6888814b4e3edfaa4b226531	HOLD	Florian MAILLARD	2026-09-06T22:53:34+02:00	Revue technique bornée : signal direct à examiner : address,contact,partial_file_sample
6895bfb71930a5b1cff0e980	HOLD	Florian MAILLARD	2026-09-06T22:53:34+02:00	Revue technique bornée : signal direct à examiner : address
689c42bb521ccf80ce954f81	HOLD	Florian MAILLARD	2026-09-06T22:53:34+02:00	Revue technique bornée : signal direct à examiner : contact
689c42c0bf3f3901d8aa171f	HOLD	Florian MAILLARD	2026-09-06T22:53:34+02:00	Revue technique bornée : signal direct à examiner : contact
689c42dc21932fa1640d99c3	HOLD	Florian MAILLARD	2026-09-06T22:53:34+02:00	Revue technique bornée : signal direct à examiner : address,contact
689c42e194c71a7fbb2b472b	HOLD	Florian MAILLARD	2026-09-06T22:53:34+02:00	Revue technique bornée : signal direct à examiner : contact
68aecf1dd2d11c92c4fafe53	HOLD	Florian MAILLARD	2026-09-06T22:53:34+02:00	Revue technique bornée : signal direct à examiner : partial_file_sample
68afd505667d22d2c6d6bb4e	HOLD	Florian MAILLARD	2026-09-06T22:53:34+02:00	Revue technique bornée : signal direct à examiner : address,phone
68b0df7b5fc04a2f363846bb	APPROVE	Florian MAILLARD	2026-09-06T22:53:34+02:00	Revue technique bornée : aucun signal direct dans les noms et échantillons inspectés
68b7ca8ae9efbdc6298dc187	HOLD	Florian MAILLARD	2026-09-06T22:53:34+02:00	Revue technique bornée : signal direct à examiner : contact,phone
68b7e68e1ee49772fbcafa50	HOLD	Florian MAILLARD	2026-09-06T22:53:34+02:00	Revue technique bornée : signal direct à examiner : contact,phone
68bab0ea28430ae0a818baf3	HOLD	Florian MAILLARD	2026-09-06T22:53:34+02:00	Revue technique bornée : signal direct à examiner : contact,phone
68c24ccbc4dfb749b6724458	HOLD	Florian MAILLARD	2026-09-06T22:53:34+02:00	Revue technique bornée : signal direct à examiner : contact,phone
68c27c8bc543c5ee3e524838	HOLD	Florian MAILLARD	2026-09-06T22:53:34+02:00	Revue technique bornée : signal direct à examiner : contact,phone
68c2896fc7b6121d990246d3	HOLD	Florian MAILLARD	2026-09-06T22:53:34+02:00	Revue technique bornée : signal direct à examiner : contact,phone
68c362a46e58a6c28e724405	HOLD	Florian MAILLARD	2026-09-06T22:53:34+02:00	Revue technique bornée : signal direct à examiner : address,contact,phone
68cbc40edf952493fcc0bc91	HOLD	Florian MAILLARD	2026-09-06T22:53:34+02:00	Revue technique bornée : signal direct à examiner : contact,phone
68cbc40fdf952493fcc0bc95	HOLD	Florian MAILLARD	2026-09-06T22:53:34+02:00	Revue technique bornée : signal direct à examiner : contact
68cbc411df952493fcc0bc9b	HOLD	Florian MAILLARD	2026-09-06T22:53:34+02:00	Revue technique bornée : signal direct à examiner : contact
68cbc414df952493fcc0bca2	HOLD	Florian MAILLARD	2026-09-06T22:53:34+02:00	Revue technique bornée : signal direct à examiner : contact
68cbc417df952493fcc0bcaa	HOLD	Florian MAILLARD	2026-09-06T22:53:34+02:00	Revue technique bornée : signal direct à examiner : contact
68cbc418df952493fcc0bcae	HOLD	Florian MAILLARD	2026-09-06T22:53:34+02:00	Revue technique bornée : signal direct à examiner : contact
68cbc419df952493fcc0bcb1	HOLD	Florian MAILLARD	2026-09-06T22:53:34+02:00	Revue technique bornée : signal direct à examiner : contact
68cbc41edf952493fcc0bcc0	HOLD	Florian MAILLARD	2026-09-06T22:53:34+02:00	Revue technique bornée : signal direct à examiner : contact
68cbc423df952493fcc0bccf	HOLD	Florian MAILLARD	2026-09-06T22:53:34+02:00	Revue technique bornée : signal direct à examiner : contact
68cbc429df952493fcc0bcdc	HOLD	Florian MAILLARD	2026-09-06T22:53:34+02:00	Revue technique bornée : signal direct à examiner : contact
68cbc430df952493fcc0bcf0	HOLD	Florian MAILLARD	2026-09-06T22:53:34+02:00	Revue technique bornée : signal direct à examiner : contact
68cbc431df952493fcc0bcf3	HOLD	Florian MAILLARD	2026-09-06T22:53:34+02:00	Revue technique bornée : signal direct à examiner : contact
68cbc433df952493fcc0bcf8	HOLD	Florian MAILLARD	2026-09-06T22:53:34+02:00	Revue technique bornée : signal direct à examiner : contact
68cbc435df952493fcc0bcfe	HOLD	Florian MAILLARD	2026-09-06T22:53:34+02:00	Revue technique bornée : signal direct à examiner : contact
68cbc43cdf952493fcc0bd0e	HOLD	Florian MAILLARD	2026-09-06T22:53:34+02:00	Revue technique bornée : signal direct à examiner : contact
68cbc444df952493fcc0bd21	HOLD	Florian MAILLARD	2026-09-06T22:53:34+02:00	Revue technique bornée : signal direct à examiner : contact
68cbc448df952493fcc0bd2c	HOLD	Florian MAILLARD	2026-09-06T22:53:34+02:00	Revue technique bornée : signal direct à examiner : contact
68cbc449df952493fcc0bd2e	EXCLUDE	Florian MAILLARD	2026-09-06T22:53:34+02:00	Revue technique bornée : aucun fichier local complet à diffuser
68cbc450df952493fcc0bd3f	HOLD	Florian MAILLARD	2026-09-06T22:53:34+02:00	Revue technique bornée : signal direct à examiner : contact
68cbc45adf952493fcc0bd56	HOLD	Florian MAILLARD	2026-09-06T22:53:34+02:00	Revue technique bornée : signal direct à examiner : contact
68cbc45adf952493fcc0bd58	HOLD	Florian MAILLARD	2026-09-06T22:53:34+02:00	Revue technique bornée : signal direct à examiner : contact
68cbc45bdf952493fcc0bd5a	HOLD	Florian MAILLARD	2026-09-06T22:53:34+02:00	Revue technique bornée : signal direct à examiner : contact
68cbc45fdf952493fcc0bd63	HOLD	Florian MAILLARD	2026-09-06T22:53:34+02:00	Revue technique bornée : signal direct à examiner : contact
68d67e644b6be22a1d9c884e	HOLD	Florian MAILLARD	2026-09-06T22:53:34+02:00	Revue technique bornée : signal direct à examiner : contact,phone
68de28448d824fcc51b5e4fd	APPROVE	Florian MAILLARD	2026-09-06T22:53:34+02:00	Revue technique bornée : aucun signal direct dans les noms et échantillons inspectés
68e3b8f62e94755428f0270a	HOLD	Florian MAILLARD	2026-09-06T22:53:34+02:00	Revue technique bornée : signal direct à examiner : address,phone
68e51e04c4258097a201a3cc	HOLD	Florian MAILLARD	2026-09-06T22:53:34+02:00	Revue technique bornée : signal direct à examiner : phone
68e80e9bfac8a35ba7c72e52	APPROVE	Florian MAILLARD	2026-09-06T22:53:34+02:00	Revue technique bornée : aucun signal direct dans les noms et échantillons inspectés
68e8bbfa16a41347e37c821c	HOLD	Florian MAILLARD	2026-09-06T22:53:34+02:00	Revue technique bornée : signal direct à examiner : address,contact
68f238920753d399dd27c361	HOLD	Florian MAILLARD	2026-09-06T22:53:34+02:00	Revue technique bornée : signal direct à examiner : address
68f6cd9967faa5fcc0261ca8	EXCLUDE	Florian MAILLARD	2026-09-06T22:53:34+02:00	Revue technique bornée : aucun fichier local complet à diffuser
6902546dfc27585fa038d104	HOLD	Florian MAILLARD	2026-09-06T22:53:34+02:00	Revue technique bornée : signal direct à examiner : address,contact,first_name
69025e6c73d1f9b79ca3c365	HOLD	Florian MAILLARD	2026-09-06T22:53:34+02:00	Revue technique bornée : signal direct à examiner : address,contact,email,first_name,phone
690ba547e068527bfd8ebca5	APPROVE	Florian MAILLARD	2026-09-06T22:53:34+02:00	Revue technique bornée : aucun signal direct dans les noms et échantillons inspectés
690d3802e444f49a38a376c4	APPROVE	Florian MAILLARD	2026-09-06T22:53:34+02:00	Revue technique bornée : aucun signal direct dans les noms et échantillons inspectés
691d9e1fa936b579807ceafa	APPROVE	Florian MAILLARD	2026-09-06T22:53:34+02:00	Revue technique bornée : aucun signal direct dans les noms et échantillons inspectés
691dba38a5d5e13a5f63418f	APPROVE	Florian MAILLARD	2026-09-06T22:53:34+02:00	Revue technique bornée : aucun signal direct dans les noms et échantillons inspectés
691dcc1b4a50a5b0a65889c8	APPROVE	Florian MAILLARD	2026-09-06T22:53:34+02:00	Revue technique bornée : aucun signal direct dans les noms et échantillons inspectés
692f01d38fef6c5815d9262a	APPROVE	Florian MAILLARD	2026-09-06T22:53:34+02:00	Revue technique bornée : aucun signal direct dans les noms et échantillons inspectés
692f7ea0d587651515eb69b8	HOLD	Florian MAILLARD	2026-09-06T22:53:34+02:00	Revue technique bornée : signal direct à examiner : contact
693373c62a73b75078265d9d	HOLD	Florian MAILLARD	2026-09-06T22:53:34+02:00	Revue technique bornée : signal direct à examiner : contact,phone
693766ccda0a99f141cb6a2d	HOLD	Florian MAILLARD	2026-09-06T22:53:34+02:00	Revue technique bornée : signal direct à examiner : address
693766cdda0a99f141cb6a2e	APPROVE	Florian MAILLARD	2026-09-06T22:53:34+02:00	Revue technique bornée : aucun signal direct dans les noms et échantillons inspectés
69380f267975cac439339b63	HOLD	Florian MAILLARD	2026-09-06T22:53:34+02:00	Revue technique bornée : signal direct à examiner : contact
693822a461b1b759069eba97	HOLD	Florian MAILLARD	2026-09-06T22:53:34+02:00	Revue technique bornée : signal direct à examiner : address,contact,phone
6941f348018e3a466784ac8d	APPROVE	Florian MAILLARD	2026-09-06T22:53:34+02:00	Revue technique bornée : aucun signal direct dans les noms et échantillons inspectés
694410b463279019f7d95486	APPROVE	Florian MAILLARD	2026-09-06T22:53:34+02:00	Revue technique bornée : aucun signal direct dans les noms et échantillons inspectés
695316a64f759c9dba5182e5	APPROVE	Florian MAILLARD	2026-09-06T22:53:34+02:00	Revue technique bornée : aucun signal direct dans les noms et échantillons inspectés
695ef56c66181f79930a16be	HOLD	Florian MAILLARD	2026-09-06T22:53:34+02:00	Revue technique bornée : signal direct à examiner : address
695ef57166181f79930a16bf	HOLD	Florian MAILLARD	2026-09-06T22:53:34+02:00	Revue technique bornée : signal direct à examiner : address
6960460d981fc53b04b2f068	APPROVE	Florian MAILLARD	2026-09-06T22:53:34+02:00	Revue technique bornée : aucun signal direct dans les noms et échantillons inspectés
6965fd7bdd5d82d4c4664a66	HOLD	Florian MAILLARD	2026-09-06T22:53:34+02:00	Revue technique bornée : signal direct à examiner : address,contact,phone
69698191770f993ed4817ed2	APPROVE	Florian MAILLARD	2026-09-06T22:53:34+02:00	Revue technique bornée : aucun signal direct dans les noms et échantillons inspectés
6970bad8a4a1ec1721209cd9	HOLD	Florian MAILLARD	2026-09-06T22:53:34+02:00	Revue technique bornée : signal direct à examiner : contact,phone
6970c63a13006c1235209ce5	HOLD	Florian MAILLARD	2026-09-06T22:53:34+02:00	Revue technique bornée : signal direct à examiner : contact,phone
6971f40c34e6cbb1788a508d	APPROVE	Florian MAILLARD	2026-09-06T22:53:34+02:00	Revue technique bornée : aucun signal direct dans les noms et échantillons inspectés
69795263711985c99898673e	APPROVE	Florian MAILLARD	2026-09-06T22:53:34+02:00	Revue technique bornée : aucun signal direct dans les noms et échantillons inspectés
697c9aa7d6bc970fff176361	APPROVE	Florian MAILLARD	2026-09-06T22:53:34+02:00	Revue technique bornée : aucun signal direct dans les noms et échantillons inspectés
69822a6e7d3a18407a36c7b0	HOLD	Florian MAILLARD	2026-09-06T22:53:34+02:00	Revue technique bornée : signal direct à examiner : partial_file_sample
698e69bcebf3fdf6036e38f1	APPROVE	Florian MAILLARD	2026-09-06T22:53:34+02:00	Revue technique bornée : aucun signal direct dans les noms et échantillons inspectés
698e6a32ebf3fdf6036e3905	HOLD	Florian MAILLARD	2026-09-06T22:53:34+02:00	Revue technique bornée : signal direct à examiner : contact
6995047774be076493f1e1a7	HOLD	Florian MAILLARD	2026-09-06T22:53:34+02:00	Revue technique bornée : signal direct à examiner : address,contact,email,phone
69a6530d52b6d68bf32f5498	HOLD	Florian MAILLARD	2026-09-06T22:53:34+02:00	Revue technique bornée : signal direct à examiner : address,contact,phone
69b91293c4dd281e19df0839	APPROVE	Florian MAILLARD	2026-09-06T22:53:34+02:00	Revue technique bornée : aucun signal direct dans les noms et échantillons inspectés
69b98829c2fa6a1b56676adc	APPROVE	Florian MAILLARD	2026-09-06T22:53:34+02:00	Revue technique bornée : aucun signal direct dans les noms et échantillons inspectés
69b989759cbf238599d4757a	APPROVE	Florian MAILLARD	2026-09-06T22:53:34+02:00	Revue technique bornée : aucun signal direct dans les noms et échantillons inspectés
69bc03ff32eb35550eff3870	HOLD	Florian MAILLARD	2026-09-06T22:53:34+02:00	Revue technique bornée : signal direct à examiner : address,contact,phone
69c3ba7a9884d29f3b44f77d	HOLD	Florian MAILLARD	2026-09-06T22:53:34+02:00	Revue technique bornée : signal direct à examiner : address,contact,email,individual_id,phone
69c4af4e5c9f9567df414fc6	APPROVE	Florian MAILLARD	2026-09-06T22:53:34+02:00	Revue technique bornée : aucun signal direct dans les noms et échantillons inspectés
69c5c9d75a6b1d1c005e46c7	APPROVE	Florian MAILLARD	2026-09-06T22:53:34+02:00	Revue technique bornée : aucun signal direct dans les noms et échantillons inspectés
69c7528e084a6cbddeb42a1e	APPROVE	Florian MAILLARD	2026-09-06T22:53:34+02:00	Revue technique bornée : aucun signal direct dans les noms et échantillons inspectés
69f0c219518c29b1ece62b7e	APPROVE	Florian MAILLARD	2026-09-06T22:53:34+02:00	Revue technique bornée : aucun signal direct dans les noms et échantillons inspectés
69f34e3b265117ee2f3d627f	APPROVE	Florian MAILLARD	2026-09-06T22:53:34+02:00	Revue technique bornée : aucun signal direct dans les noms et échantillons inspectés
69faffb8789b9dc5135058b1	APPROVE	Florian MAILLARD	2026-09-06T22:53:34+02:00	Revue technique bornée : aucun signal direct dans les noms et échantillons inspectés
69fb10fd3d405934d1077e01	APPROVE	Florian MAILLARD	2026-09-06T22:53:34+02:00	Revue technique bornée : aucun signal direct dans les noms et échantillons inspectés
6a01b9280dd2d45907e5fc61	APPROVE	Florian MAILLARD	2026-09-06T22:53:34+02:00	Revue technique bornée : aucun signal direct dans les noms et échantillons inspectés
6a0eba064780a16c39e21ba1	HOLD	Florian MAILLARD	2026-09-06T22:53:34+02:00	Revue technique bornée : signal direct à examiner : address,first_name,phone
6a11bacd77a67baa26b8cecd	HOLD	Florian MAILLARD	2026-09-06T22:53:34+02:00	Revue technique bornée : signal direct à examiner : address,contact,email
6a339e7910e4a8ab2d7d229e	APPROVE	Florian MAILLARD	2026-09-06T22:53:34+02:00	Revue technique bornée : aucun signal direct dans les noms et échantillons inspectés
6a39cee98ea7947128467384	HOLD	Florian MAILLARD	2026-09-06T22:53:34+02:00	Revue technique bornée : signal direct à examiner : address,contact,email,phone
6a3f1b28e00747006c54d32a	HOLD	Florian MAILLARD	2026-09-06T22:53:34+02:00	Revue technique bornée : signal direct à examiner : contact,phone
6a430a71994f73a50d54d370	APPROVE	Florian MAILLARD	2026-09-06T22:53:34+02:00	Revue technique bornée : aucun signal direct dans les noms et échantillons inspectés
6a430a72994f73a50d54d374	EXCLUDE	Florian MAILLARD	2026-09-06T22:53:34+02:00	Revue technique bornée : aucun fichier local complet à diffuser
6a430a74994f73a50d54d378	APPROVE	Florian MAILLARD	2026-09-06T22:53:34+02:00	Revue technique bornée : aucun signal direct dans les noms et échantillons inspectés
6a430a78994f73a50d54d382	APPROVE	Florian MAILLARD	2026-09-06T22:53:34+02:00	Revue technique bornée : aucun signal direct dans les noms et échantillons inspectés
6a430a79994f73a50d54d383	APPROVE	Florian MAILLARD	2026-09-06T22:53:34+02:00	Revue technique bornée : aucun signal direct dans les noms et échantillons inspectés
6a430a79994f73a50d54d384	APPROVE	Florian MAILLARD	2026-09-06T22:53:34+02:00	Revue technique bornée : aucun signal direct dans les noms et échantillons inspectés
6a430a79994f73a50d54d385	APPROVE	Florian MAILLARD	2026-09-06T22:53:34+02:00	Revue technique bornée : aucun signal direct dans les noms et échantillons inspectés
6a430a7b994f73a50d54d38a	APPROVE	Florian MAILLARD	2026-09-06T22:53:34+02:00	Revue technique bornée : aucun signal direct dans les noms et échantillons inspectés
6a430a7c994f73a50d54d38c	HOLD	Florian MAILLARD	2026-09-06T22:53:34+02:00	Revue technique bornée : signal direct à examiner : address
6a430a7d994f73a50d54d38d	HOLD	Florian MAILLARD	2026-09-06T22:53:34+02:00	Revue technique bornée : signal direct à examiner : address
6a430a7e994f73a50d54d38f	HOLD	Florian MAILLARD	2026-09-06T22:53:34+02:00	Revue technique bornée : signal direct à examiner : phone
6a430a7e994f73a50d54d390	APPROVE	Florian MAILLARD	2026-09-06T22:53:34+02:00	Revue technique bornée : aucun signal direct dans les noms et échantillons inspectés
6a46fd6b019ce7ee86398eaa	APPROVE	Florian MAILLARD	2026-09-06T22:53:34+02:00	Revue technique bornée : aucun signal direct dans les noms et échantillons inspectés
6a4be490401803d7002d01d9	HOLD	Florian MAILLARD	2026-09-06T22:53:34+02:00	Revue technique bornée : signal direct à examiner : address
6a4e5230d1f87854f66a599f	APPROVE	Florian MAILLARD	2026-09-06T22:53:34+02:00	Revue technique bornée : aucun signal direct dans les noms et échantillons inspectés
6a4e534691d1607d49c0de9d	APPROVE	Florian MAILLARD	2026-09-06T22:53:34+02:00	Revue technique bornée : aucun signal direct dans les noms et échantillons inspectés
6a581f5e77c58f2d2ec2765c	HOLD	Florian MAILLARD	2026-09-06T22:53:34+02:00	Revue technique bornée : signal direct à examiner : contact
6a582159f9121211f67fa59c	APPROVE	Florian MAILLARD	2026-09-06T22:53:34+02:00	Revue technique bornée : aucun signal direct dans les noms et échantillons inspectés
6a5821bbf9121211f67fa5bb	HOLD	Florian MAILLARD	2026-09-06T22:53:34+02:00	Revue technique bornée : signal direct à examiner : partial_file_sample
6a582221f9121211f67fa5d3	HOLD	Florian MAILLARD	2026-09-06T22:53:34+02:00	Revue technique bornée : signal direct à examiner : partial_file_sample
6a58222377c58f2d2ec279b9	HOLD	Florian MAILLARD	2026-09-06T22:53:34+02:00	Revue technique bornée : signal direct à examiner : contact
6a58229277c58f2d2ec27a21	APPROVE	Florian MAILLARD	2026-09-06T22:53:34+02:00	Revue technique bornée : aucun signal direct dans les noms et échantillons inspectés
6a5822c477c58f2d2ec27a54	HOLD	Florian MAILLARD	2026-09-06T22:53:34+02:00	Revue technique bornée : signal direct à examiner : contact
6a58a5085069867fa2991908	HOLD	Florian MAILLARD	2026-09-06T22:53:34+02:00	Revue technique bornée : signal direct à examiner : address,phone
6a633dbcc2298f03e19a9bcd	HOLD	Florian MAILLARD	2026-09-06T22:53:34+02:00	Revue technique bornée : signal direct à examiner : address,email,phone
6a633dd9c2298f03e19a9bfc	APPROVE	Florian MAILLARD	2026-09-06T22:53:34+02:00	Revue technique bornée : aucun signal direct dans les noms et échantillons inspectés
6a633ddac2298f03e19a9bfe	HOLD	Florian MAILLARD	2026-09-06T22:53:34+02:00	Revue technique bornée : signal direct à examiner : contact,phone
6a6a945281973a7cbe4ebe16	APPROVE	Florian MAILLARD	2026-09-06T22:53:34+02:00	Revue technique bornée : aucun signal direct dans les noms et échantillons inspectés
6a6a945281973a7cbe4ebe17	APPROVE	Florian MAILLARD	2026-09-06T22:53:34+02:00	Revue technique bornée : aucun signal direct dans les noms et échantillons inspectés
6a714ab7f831ef3b43cfdcd2	EXCLUDE	Florian MAILLARD	2026-09-06T22:53:34+02:00	Revue technique bornée : aucun fichier local complet à diffuser
6a73d0613000b965ffaa3470	APPROVE	Florian MAILLARD	2026-09-06T22:53:34+02:00	Revue technique bornée : aucun signal direct dans les noms et échantillons inspectés
6a745675d3e8618e4f9de0b0	HOLD	Florian MAILLARD	2026-09-06T22:53:34+02:00	Revue technique bornée : signal direct à examiner : address,contact,email,phone
6a754a1e0a5de9836a987f2f	HOLD	Florian MAILLARD	2026-09-06T22:53:34+02:00	Revue technique bornée : signal direct à examiner : contact,phone
6a857f5fca89c11d9f1d6c89	APPROVE	Florian MAILLARD	2026-09-06T22:53:34+02:00	Revue technique bornée : aucun signal direct dans les noms et échantillons inspectés
6a8584948422257ba81b4150	APPROVE	Florian MAILLARD	2026-09-06T22:53:34+02:00	Revue technique bornée : aucun signal direct dans les noms et échantillons inspectés
6a85b681b416ba2a1615fd5a	APPROVE	Florian MAILLARD	2026-09-06T22:53:34+02:00	Revue technique bornée : aucun signal direct dans les noms et échantillons inspectés
6a85c3f776c914c4cac7055d	APPROVE	Florian MAILLARD	2026-09-06T22:53:34+02:00	Revue technique bornée : aucun signal direct dans les noms et échantillons inspectés
6a86bc2bf7cfb89cc729c0d6	APPROVE	Florian MAILLARD	2026-09-06T22:53:34+02:00	Revue technique bornée : aucun signal direct dans les noms et échantillons inspectés
6a8825a04b4e0490e3ca09f3	APPROVE	Florian MAILLARD	2026-09-06T22:53:34+02:00	Revue technique bornée : aucun signal direct dans les noms et échantillons inspectés
6a883c8722d4b6a99be7e3da	APPROVE	Florian MAILLARD	2026-09-06T22:53:34+02:00	Revue technique bornée : aucun signal direct dans les noms et échantillons inspectés
6a884177ba2735a3ffdfd811	APPROVE	Florian MAILLARD	2026-09-06T22:53:34+02:00	Revue technique bornée : aucun signal direct dans les noms et échantillons inspectés
6a8847a57f75b57601210300	APPROVE	Florian MAILLARD	2026-09-06T22:53:34+02:00	Revue technique bornée : aucun signal direct dans les noms et échantillons inspectés
6a884f10fa89847e4bd683cf	APPROVE	Florian MAILLARD	2026-09-06T22:53:34+02:00	Revue technique bornée : aucun signal direct dans les noms et échantillons inspectés
6a8e2ea9ecff969a2b06cfa8	EXCLUDE	Florian MAILLARD	2026-09-06T22:53:34+02:00	Revue technique bornée : aucun fichier local complet à diffuser
